Fecha,Hora,Clave del nodo,Precio marginal local ($/MWh),Componente de energia ($/MWh),Componente de perdidas ($/MWh),Componente de congestion ($/MWh)
2017-01-13,1,07BLE-115,1901.68,1888.04,13.65,0
2017-01-13,2,07BLE-115,1912.31,1899.64,12.67,0
2017-01-13,3,07BLE-115,1538.19,1527.87,10.31,0
2017-01-13,4,07BLE-115,1519.94,1510.22,9.71,0
2017-01-13,5,07BLE-115,1527.29,1517.34,9.95,0
2017-01-13,6,07BLE-115,1573.48,1561.86,11.62,0
2017-01-13,7,07BLE-115,1566.35,1556.75,9.6,0
2017-01-13,8,07BLE-115,1870.73,1859.37,11.36,0
2017-01-13,9,07BLE-115,1788.01,1778.3,9.71,0
2017-01-13,10,07BLE-115,1586.59,1579.16,7.44,0
2017-01-13,11,07BLE-115,1814.6,1808.4,6.21,0
2017-01-13,12,07BLE-115,2188.41,2181.93,6.48,0
2017-01-13,13,07BLE-115,2191.7,2184.73,6.98,0
2017-01-13,14,07BLE-115,1875.29,1867.96,7.33,0
2017-01-13,15,07BLE-115,1877.34,1870.12,7.21,0
2017-01-13,16,07BLE-115,1845.84,1837.31,8.53,0
2017-01-13,17,07BLE-115,5889.05,5853.47,35.58,0
2017-01-13,18,07BLE-115,1850.36,1838.42,11.95,0
2017-01-13,19,07BLE-115,5889.05,5866.1,22.95,0
2017-01-13,20,07BLE-115,5889.05,5865.38,23.67,0
2017-01-13,21,07BLE-115,2209.11,2199.52,9.59,0
2017-01-13,22,07BLE-115,5889.05,5864.23,24.82,0
2017-01-13,23,07BLE-115,1890.37,1880.56,9.8,0
2017-01-13,24,07BLE-115,1566.26,1557.26,9,0
2017-01-13,1,07CAB-115,1939.68,1888.04,51.64,0
2017-01-13,2,07CAB-115,1954.58,1899.64,54.93,0
2017-01-13,3,07CAB-115,1567.05,1527.87,39.18,0
2017-01-13,4,07CAB-115,1548.29,1510.22,38.07,0
2017-01-13,5,07CAB-115,1555.31,1517.34,37.98,0
2017-01-13,6,07CAB-115,1602.33,1561.86,40.47,0
2017-01-13,7,07CAB-115,1600.51,1556.75,43.76,0
2017-01-13,8,07CAB-115,1914.35,1859.37,54.98,0
2017-01-13,9,07CAB-115,1833.24,1778.3,54.94,0
2017-01-13,10,07CAB-115,1664.28,1579.16,85.12,0
2017-01-13,11,07CAB-115,1911.04,1808.4,102.64,0
2017-01-13,12,07CAB-115,2309.24,2181.93,127.31,0
2017-01-13,13,07CAB-115,2313.54,2184.73,128.82,0
2017-01-13,14,07CAB-115,1979.64,1867.96,111.68,0
2017-01-13,15,07CAB-115,1982.15,1870.12,112.02,0
2017-01-13,16,07CAB-115,1903.2,1837.31,65.89,0
2017-01-13,17,07CAB-115,5889.05,5680.71,208.34,0
2017-01-13,18,07CAB-115,1906.18,1838.42,67.76,0
2017-01-13,19,07CAB-115,5889.05,5667.72,221.33,0
2017-01-13,20,07CAB-115,5889.05,5668.85,220.2,0
2017-01-13,21,07CAB-115,2282.81,2199.52,83.29,0
2017-01-13,22,07CAB-115,5889.05,5685.78,203.27,0
2017-01-13,23,07CAB-115,1941.59,1880.56,61.03,0
2017-01-13,24,07CAB-115,1602.98,1557.26,45.71,0
2017-01-13,1,07CAD-115,1939.52,1888.04,51.48,0
2017-01-13,2,07CAD-115,1954.41,1899.64,54.77,0
2017-01-13,3,07CAD-115,1566.93,1527.87,39.06,0
2017-01-13,4,07CAD-115,1548.16,1510.22,37.94,0
2017-01-13,5,07CAD-115,1555.2,1517.34,37.86,0
2017-01-13,6,07CAD-115,1602.22,1561.86,40.36,0
2017-01-13,7,07CAD-115,1600.41,1556.75,43.66,0
2017-01-13,8,07CAD-115,1914.14,1859.37,54.77,0
2017-01-13,9,07CAD-115,1832.9,1778.3,54.6,0
2017-01-13,10,07CAD-115,1663.86,1579.16,84.7,0
2017-01-13,11,07CAD-115,1910.53,1808.4,102.13,0
2017-01-13,12,07CAD-115,2308.68,2181.93,126.75,0
2017-01-13,13,07CAD-115,2313.03,2184.73,128.3,0
2017-01-13,14,07CAD-115,1979.22,1867.96,111.26,0
2017-01-13,15,07CAD-115,1981.72,1870.12,111.6,0
2017-01-13,16,07CAD-115,1902.78,1837.31,65.47,0
2017-01-13,17,07CAD-115,5889.05,5681.78,207.27,0
2017-01-13,18,07CAD-115,1905.82,1838.42,67.4,0
2017-01-13,19,07CAD-115,5889.05,5668.43,220.62,0
2017-01-13,20,07CAD-115,5889.05,5669.3,219.75,0
2017-01-13,21,07CAD-115,2282.66,2199.52,83.14,0
2017-01-13,22,07CAD-115,5889.05,5686.2,202.86,0
2017-01-13,23,07CAD-115,1941.43,1880.56,60.87,0
2017-01-13,24,07CAD-115,1602.84,1557.26,45.58,0
2017-01-13,1,07CAF-115,1940.33,1888.04,52.29,0
2017-01-13,2,07CAF-115,1955.26,1899.64,55.62,0
2017-01-13,3,07CAF-115,1567.54,1527.87,39.67,0
2017-01-13,4,07CAF-115,1548.76,1510.22,38.53,0
2017-01-13,5,07CAF-115,1555.79,1517.34,38.46,0
2017-01-13,6,07CAF-115,1602.88,1561.86,41.02,0
2017-01-13,7,07CAF-115,1601.12,1556.75,44.37,0
2017-01-13,8,07CAF-115,1914.97,1859.37,55.6,0
2017-01-13,9,07CAF-115,1833.69,1778.3,55.39,0
2017-01-13,10,07CAF-115,1664.54,1579.16,85.39,0
2017-01-13,11,07CAF-115,1911.33,1808.4,102.93,0
2017-01-13,12,07CAF-115,2309.69,2181.93,127.77,0
2017-01-13,13,07CAF-115,2314.07,2184.73,129.35,0
2017-01-13,14,07CAF-115,1980.12,1867.96,112.16,0
2017-01-13,15,07CAF-115,1982.61,1870.12,112.49,0
2017-01-13,16,07CAF-115,1903.66,1837.31,66.35,0
2017-01-13,17,07CAF-115,5889.05,5679.18,209.87,0
2017-01-13,18,07CAF-115,1906.7,1838.42,68.28,0
2017-01-13,19,07CAF-115,5889.05,5665.42,223.63,0
2017-01-13,20,07CAF-115,5889.05,5666.1,222.95,0
2017-01-13,21,07CAF-115,2283.94,2199.52,84.42,0
2017-01-13,22,07CAF-115,5889.05,5683.12,205.93,0
2017-01-13,23,07CAF-115,1942.39,1880.56,61.82,0
2017-01-13,24,07CAF-115,1603.56,1557.26,46.29,0
2017-01-13,1,07CAS-115,1935.49,1888.04,47.45,0
2017-01-13,2,07CAS-115,1950.12,1899.64,50.47,0
2017-01-13,3,07CAS-115,1563.86,1527.87,35.99,0
2017-01-13,4,07CAS-115,1545.17,1510.22,34.95,0
2017-01-13,5,07CAS-115,1552.21,1517.34,34.88,0
2017-01-13,6,07CAS-115,1599.04,1561.86,37.18,0
2017-01-13,7,07CAS-115,1596.98,1556.75,40.23,0
2017-01-13,8,07CAS-115,1909.94,1859.37,50.57,0
2017-01-13,9,07CAS-115,1828.87,1778.3,50.57,0
2017-01-13,10,07CAS-115,1660.26,1579.16,81.1,0
2017-01-13,11,07CAS-115,1906.2,1808.4,97.81,0
2017-01-13,12,07CAS-115,2303.22,2181.93,121.29,0
2017-01-13,13,07CAS-115,2307.44,2184.73,122.72,0
2017-01-13,14,07CAS-115,1974.33,1867.96,106.37,0
2017-01-13,15,07CAS-115,1976.83,1870.12,106.71,0
2017-01-13,16,07CAS-115,1897.98,1837.31,60.67,0
2017-01-13,17,07CAS-115,5889.05,5696.57,192.48,0
2017-01-13,18,07CAS-115,1900.81,1838.42,62.39,0
2017-01-13,19,07CAS-115,5889.05,5684.65,204.4,0
2017-01-13,20,07CAS-115,5889.05,5685.81,203.24,0
2017-01-13,21,07CAS-115,2276.13,2199.52,76.61,0
2017-01-13,22,07CAS-115,5889.05,5701.57,187.48,0
2017-01-13,23,07CAS-115,1936.72,1880.56,56.15,0
2017-01-13,24,07CAS-115,1599.32,1557.26,42.06,0
2017-01-13,1,07COR-230,1880.28,1888.04,-7.76,0
2017-01-13,2,07COR-230,1891.76,1899.64,-7.89,0
2017-01-13,3,07COR-230,1522.01,1527.87,-5.87,0
2017-01-13,4,07COR-230,1504.59,1510.22,-5.63,0
2017-01-13,5,07COR-230,1511.67,1517.34,-5.67,0
2017-01-13,6,07COR-230,1555.61,1561.86,-6.25,0
2017-01-13,7,07COR-230,1550.62,1556.75,-6.13,0
2017-01-13,8,07COR-230,1851.76,1859.37,-7.61,0
2017-01-13,9,07COR-230,1770.99,1778.3,-7.31,0
2017-01-13,10,07COR-230,1572.5,1579.16,-6.66,0
2017-01-13,11,07COR-230,1800.98,1808.4,-7.42,0
2017-01-13,12,07COR-230,2173.01,2181.93,-8.92,0
2017-01-13,13,07COR-230,2175.62,2184.73,-9.1,0
2017-01-13,14,07COR-230,1859.77,1867.96,-8.19,0
2017-01-13,15,07COR-230,1861.94,1870.12,-8.19,0
2017-01-13,16,07COR-230,1829.27,1837.31,-8.04,0
2017-01-13,17,07COR-230,5889.05,5914.27,-25.22,0
2017-01-13,18,07COR-230,1830.35,1838.42,-8.07,0
2017-01-13,19,07COR-230,5889.05,5908.03,-18.98,0
2017-01-13,20,07COR-230,5889.05,5908.01,-18.96,0
2017-01-13,21,07COR-230,2192.49,2199.52,-7.03,0
2017-01-13,22,07COR-230,5889.05,5906.66,-17.61,0
2017-01-13,23,07COR-230,1874.99,1880.56,-5.57,0
2017-01-13,24,07COR-230,1552.89,1557.26,-4.38,0
2017-01-13,1,07CRE-115,1930.8,1888.04,42.77,0
2017-01-13,2,07CRE-115,1945.07,1899.64,45.43,0
2017-01-13,3,07CRE-115,1560.24,1527.87,32.37,0
2017-01-13,4,07CRE-115,1541.68,1510.22,31.46,0
2017-01-13,5,07CRE-115,1548.75,1517.34,31.42,0
2017-01-13,6,07CRE-115,1595.37,1561.86,33.51,0
2017-01-13,7,07CRE-115,1593.11,1556.75,36.36,0
2017-01-13,8,07CRE-115,1905.18,1859.37,45.81,0
2017-01-13,9,07CRE-115,1824.11,1778.3,45.81,0
2017-01-13,10,07CRE-115,1655.79,1579.16,76.64,0
2017-01-13,11,07CRE-115,1900.84,1808.4,92.45,0
2017-01-13,12,07CRE-115,2296.57,2181.93,114.64,0
2017-01-13,13,07CRE-115,2300.64,2184.73,115.91,0
2017-01-13,14,07CRE-115,1968.45,1867.96,100.49,0
2017-01-13,15,07CRE-115,1970.96,1870.12,100.83,0
2017-01-13,16,07CRE-115,1892.27,1837.31,54.95,0
2017-01-13,17,07CRE-115,5889.05,5713.78,175.27,0
2017-01-13,18,07CRE-115,1895.06,1838.42,56.65,0
2017-01-13,19,07CRE-115,5889.05,5702.76,186.29,0
2017-01-13,20,07CRE-115,5889.05,5704,185.05,0
2017-01-13,21,07CRE-115,2268.98,2199.52,69.45,0
2017-01-13,22,07CRE-115,5889.05,5718.78,170.27,0
2017-01-13,23,07CRE-115,1931.38,1880.56,50.81,0
2017-01-13,24,07CRE-115,1595.29,1557.26,38.02,0
2017-01-13,1,07DLC-115,1940.05,1888.04,52.01,0
2017-01-13,2,07DLC-115,1954.98,1899.64,55.34,0
2017-01-13,3,07DLC-115,1567.35,1527.87,39.48,0
2017-01-13,4,07DLC-115,1548.57,1510.22,38.35,0
2017-01-13,5,07DLC-115,1555.61,1517.34,38.27,0
2017-01-13,6,07DLC-115,1602.65,1561.86,40.79,0
2017-01-13,7,07DLC-115,1600.86,1556.75,44.1,0
2017-01-13,8,07DLC-115,1914.67,1859.37,55.3,0
2017-01-13,9,07DLC-115,1833.41,1778.3,55.11,0
2017-01-13,10,07DLC-115,1664.21,1579.16,85.06,0
2017-01-13,11,07DLC-115,1910.94,1808.4,102.54,0
2017-01-13,12,07DLC-115,2309.22,2181.93,127.29,0
2017-01-13,13,07DLC-115,2313.62,2184.73,128.89,0
2017-01-13,14,07DLC-115,1979.76,1867.96,111.8,0
2017-01-13,15,07DLC-115,1982.25,1870.12,112.13,0
2017-01-13,16,07DLC-115,1903.31,1837.31,66,0
2017-01-13,17,07DLC-115,5889.05,5680.21,208.84,0
2017-01-13,18,07DLC-115,1906.35,1838.42,67.93,0
2017-01-13,19,07DLC-115,5889.05,5666.75,222.31,0
2017-01-13,20,07DLC-115,5889.05,5667.58,221.47,0
2017-01-13,21,07DLC-115,2283.35,2199.52,83.83,0
2017-01-13,22,07DLC-115,5889.05,5684.5,204.55,0
2017-01-13,23,07DLC-115,1941.98,1880.56,61.42,0
2017-01-13,24,07DLC-115,1603.28,1557.26,46.02,0
2017-01-13,1,07DOM-115,1931.51,1888.04,43.47,0
2017-01-13,2,07DOM-115,1939.49,1899.64,39.84,0
2017-01-13,3,07DOM-115,1558.1,1527.87,30.23,0
2017-01-13,4,07DOM-115,1538.02,1510.22,27.8,0
2017-01-13,5,07DOM-115,1546.02,1517.34,28.69,0
2017-01-13,6,07DOM-115,1596.54,1561.86,34.68,0
2017-01-13,7,07DOM-115,1545.71,1556.75,-11.04,0
2017-01-13,8,07DOM-115,1845.89,1859.37,-13.48,0
2017-01-13,9,07DOM-115,1761.38,1778.3,-16.92,0
2017-01-13,10,07DOM-115,1601.84,1579.16,22.68,0
2017-01-13,11,07DOM-115,1791.78,1808.4,-16.62,0
2017-01-13,12,07DOM-115,2147.89,2181.93,-34.04,0
2017-01-13,13,07DOM-115,2154.36,2184.73,-30.36,0
2017-01-13,14,07DOM-115,1843.06,1867.96,-24.9,0
2017-01-13,15,07DOM-115,1843.62,1870.12,-26.5,0
2017-01-13,16,07DOM-115,1817.5,1837.31,-19.81,0
2017-01-13,17,07DOM-115,5889.05,5874.33,14.72,0
2017-01-13,18,07DOM-115,1843.02,1838.42,4.6,0
2017-01-13,19,07DOM-115,5889.05,5970.5,-81.45,0
2017-01-13,20,07DOM-115,5889.05,5969.37,-80.32,0
2017-01-13,21,07DOM-115,2168.37,2199.52,-31.16,0
2017-01-13,22,07DOM-115,5889.05,5994.99,-105.94,0
2017-01-13,23,07DOM-115,1840.24,1880.56,-40.33,0
2017-01-13,24,07DOM-115,1556.91,1557.26,-.35,0
2017-01-13,1,07ELP-230,1921.39,1888.04,33.35,0
2017-01-13,2,07ELP-230,1935.05,1899.64,35.4,0
2017-01-13,3,07ELP-230,1553.13,1527.87,25.26,0
2017-01-13,4,07ELP-230,1534.76,1510.22,24.53,0
2017-01-13,5,07ELP-230,1541.84,1517.34,24.5,0
2017-01-13,6,07ELP-230,1588.02,1561.86,26.16,0
2017-01-13,7,07ELP-230,1585.06,1556.75,28.31,0
2017-01-13,8,07ELP-230,1895,1859.37,35.62,0
2017-01-13,9,07ELP-230,1813.86,1778.3,35.56,0
2017-01-13,10,07ELP-230,1645.66,1579.16,66.51,0
2017-01-13,11,07ELP-230,1888.55,1808.4,80.16,0
2017-01-13,12,07ELP-230,2281.31,2181.93,99.39,0
2017-01-13,13,07ELP-230,2285.25,2184.73,100.53,0
2017-01-13,14,07ELP-230,1955.15,1867.96,87.19,0
2017-01-13,15,07ELP-230,1957.6,1870.12,87.48,0
2017-01-13,16,07ELP-230,1879.87,1837.31,42.56,0
2017-01-13,17,07ELP-230,5889.05,5752.62,136.43,0
2017-01-13,18,07ELP-230,1882.25,1838.42,43.83,0
2017-01-13,19,07ELP-230,5889.05,5743.89,145.17,0
2017-01-13,20,07ELP-230,5889.05,5744.72,144.33,0
2017-01-13,21,07ELP-230,2253.36,2199.52,53.84,0
2017-01-13,22,07ELP-230,5889.05,5756.17,132.88,0
2017-01-13,23,07ELP-230,1920.02,1880.56,39.46,0
2017-01-13,24,07ELP-230,1586.82,1557.26,29.56,0
2017-01-13,1,07ETR-115,1913.75,1888.04,25.71,0
2017-01-13,2,07ETR-115,1924.82,1899.64,25.18,0
2017-01-13,3,07ETR-115,1547.54,1527.87,19.67,0
2017-01-13,4,07ETR-115,1529.07,1510.22,18.85,0
2017-01-13,5,07ETR-115,1536.32,1517.34,18.98,0
2017-01-13,6,07ETR-115,1583.38,1561.86,21.52,0
2017-01-13,7,07ETR-115,1578.65,1556.75,21.9,0
2017-01-13,8,07ETR-115,1887.47,1859.37,28.1,0
2017-01-13,9,07ETR-115,1805.33,1778.3,27.03,0
2017-01-13,10,07ETR-115,1605.13,1579.16,25.98,0
2017-01-13,11,07ETR-115,1837.44,1808.4,29.05,0
2017-01-13,12,07ETR-115,2216.51,2181.93,34.58,0
2017-01-13,13,07ETR-115,2219.55,2184.73,34.83,0
2017-01-13,14,07ETR-115,1900.51,1867.96,32.55,0
2017-01-13,15,07ETR-115,1902.68,1870.12,32.55,0
2017-01-13,16,07ETR-115,1863.12,1837.31,25.81,0
2017-01-13,17,07ETR-115,5889.05,5804.07,84.98,0
2017-01-13,18,07ETR-115,1866.24,1838.42,27.82,0
2017-01-13,19,07ETR-115,5889.05,5814.11,74.94,0
2017-01-13,20,07ETR-115,5889.05,5815.27,73.78,0
2017-01-13,21,07ETR-115,2228.09,2199.52,28.57,0
2017-01-13,22,07ETR-115,5889.05,5816.57,72.49,0
2017-01-13,23,07ETR-115,1906.85,1880.56,26.29,0
2017-01-13,24,07ETR-115,1577.98,1557.26,20.72,0
2017-01-13,1,07GAO-115,1900.46,1888.04,12.42,0
2017-01-13,2,07GAO-115,1908.15,1899.64,8.5,0
2017-01-13,3,07GAO-115,1532.83,1527.87,4.96,0
2017-01-13,4,07GAO-115,1513.22,1510.22,3,0
2017-01-13,5,07GAO-115,1521.09,1517.34,3.75,0
2017-01-13,6,07GAO-115,1570.62,1561.86,8.76,0
2017-01-13,7,07GAO-115,1510.74,1556.75,-46.01,0
2017-01-13,8,07GAO-115,1802.37,1859.37,-57,0
2017-01-13,9,07GAO-115,1717.47,1778.3,-60.83,0
2017-01-13,10,07GAO-115,1567.9,1579.16,-11.25,0
2017-01-13,11,07GAO-115,1744.38,1808.4,-64.01,0
2017-01-13,12,07GAO-115,2088.23,2181.93,-93.69,0
2017-01-13,13,07GAO-115,2094.77,2184.73,-89.96,0
2017-01-13,14,07GAO-115,1792.74,1867.96,-75.22,0
2017-01-13,15,07GAO-115,1793.04,1870.12,-77.08,0
2017-01-13,16,07GAO-115,1768.67,1837.31,-68.64,0
2017-01-13,17,07GAO-115,5889.05,6041.41,-152.36,0
2017-01-13,18,07GAO-115,1792.82,1838.42,-45.6,0
2017-01-13,19,07GAO-115,5889.05,6147.1,-258.05,0
2017-01-13,20,07GAO-115,5889.05,6144.17,-255.12,0
2017-01-13,21,07GAO-115,2107.28,2199.52,-92.24,0
2017-01-13,22,07GAO-115,5889.05,6164.72,-275.67,0
2017-01-13,23,07GAO-115,1790.1,1880.56,-90.47,0
2017-01-13,24,07GAO-115,1523.26,1557.26,-34,0
2017-01-13,1,07INS-115,1929.8,1888.04,41.77,0
2017-01-13,2,07INS-115,1937.77,1899.64,38.12,0
2017-01-13,3,07INS-115,1556.72,1527.87,28.85,0
2017-01-13,4,07INS-115,1536.69,1510.22,26.47,0
2017-01-13,5,07INS-115,1544.69,1517.34,27.36,0
2017-01-13,6,07INS-115,1595.18,1561.86,33.32,0
2017-01-13,7,07INS-115,1544.32,1556.75,-12.43,0
2017-01-13,8,07INS-115,1844.22,1859.37,-15.15,0
2017-01-13,9,07INS-115,1759.73,1778.3,-18.57,0
2017-01-13,10,07INS-115,1600.27,1579.16,21.12,0
2017-01-13,11,07INS-115,1789.9,1808.4,-18.5,0
2017-01-13,12,07INS-115,2145.68,2181.93,-36.25,0
2017-01-13,13,07INS-115,2152.03,2184.73,-32.7,0
2017-01-13,14,07INS-115,1841.1,1867.96,-26.86,0
2017-01-13,15,07INS-115,1841.7,1870.12,-28.43,0
2017-01-13,16,07INS-115,1815.61,1837.31,-21.7,0
2017-01-13,17,07INS-115,5889.05,5880.63,8.42,0
2017-01-13,18,07INS-115,1841.12,1838.42,2.7,0
2017-01-13,19,07INS-115,5889.05,5977.03,-87.98,0
2017-01-13,20,07INS-115,5889.05,5975.79,-86.74,0
2017-01-13,21,07INS-115,2166.08,2199.52,-33.45,0
2017-01-13,22,07INS-115,5889.05,6001.1,-112.05,0
2017-01-13,23,07INS-115,1838.43,1880.56,-42.14,0
2017-01-13,24,07INS-115,1555.47,1557.26,-1.8,0
2017-01-13,1,07LAP-115,1916.07,1888.04,28.03,0
2017-01-13,2,07LAP-115,1925.26,1899.64,25.61,0
2017-01-13,3,07LAP-115,1547.16,1527.87,19.29,0
2017-01-13,4,07LAP-115,1527.51,1510.22,17.29,0
2017-01-13,5,07LAP-115,1535.51,1517.34,18.17,0
2017-01-13,6,07LAP-115,1584.42,1561.86,22.56,0
2017-01-13,7,07LAP-115,1545.75,1556.75,-11,0
2017-01-13,8,07LAP-115,1844.96,1859.37,-14.41,0
2017-01-13,9,07LAP-115,1759.93,1778.3,-18.37,0
2017-01-13,10,07LAP-115,1588.27,1579.16,9.12,0
2017-01-13,11,07LAP-115,1788.68,1808.4,-19.72,0
2017-01-13,12,07LAP-115,2148.58,2181.93,-33.35,0
2017-01-13,13,07LAP-115,2154.04,2184.73,-30.69,0
2017-01-13,14,07LAP-115,1842.92,1867.96,-25.04,0
2017-01-13,15,07LAP-115,1844.07,1870.12,-26.05,0
2017-01-13,16,07LAP-115,1816.5,1837.31,-20.81,0
2017-01-13,17,07LAP-115,5889.05,5901.14,-12.09,0
2017-01-13,18,07LAP-115,1835.28,1838.42,-3.14,0
2017-01-13,19,07LAP-115,5889.05,5973.15,-84.1,0
2017-01-13,20,07LAP-115,5889.05,5971.09,-82.04,0
2017-01-13,21,07LAP-115,2168.88,2199.52,-30.65,0
2017-01-13,22,07LAP-115,5889.05,5984.63,-95.58,0
2017-01-13,23,07LAP-115,1846.5,1880.56,-34.07,0
2017-01-13,24,07LAP-115,1552.65,1557.26,-4.61,0
2017-01-13,1,07LPZ-115,1905.09,1888.04,17.05,0
2017-01-13,2,07LPZ-115,1915.44,1899.64,15.8,0
2017-01-13,3,07LPZ-115,1540.75,1527.87,12.88,0
2017-01-13,4,07LPZ-115,1522.47,1510.22,12.24,0
2017-01-13,5,07LPZ-115,1529.75,1517.34,12.42,0
2017-01-13,6,07LPZ-115,1576.32,1561.86,14.46,0
2017-01-13,7,07LPZ-115,1570.18,1556.75,13.42,0
2017-01-13,8,07LPZ-115,1875.99,1859.37,16.62,0
2017-01-13,9,07LPZ-115,1793.38,1778.3,15.08,0
2017-01-13,10,07LPZ-115,1590.54,1579.16,11.39,0
2017-01-13,11,07LPZ-115,1819.45,1808.4,11.05,0
2017-01-13,12,07LPZ-115,2194.2,2181.93,12.27,0
2017-01-13,13,07LPZ-115,2197.55,2184.73,12.83,0
2017-01-13,14,07LPZ-115,1880.84,1867.96,12.88,0
2017-01-13,15,07LPZ-115,1882.82,1870.12,12.7,0
2017-01-13,16,07LPZ-115,1850.75,1837.31,13.43,0
2017-01-13,17,07LPZ-115,5889.05,5839.34,49.71,0
2017-01-13,18,07LPZ-115,1854.99,1838.42,16.57,0
2017-01-13,19,07LPZ-115,5889.05,5851.97,37.08,0
2017-01-13,20,07LPZ-115,5889.05,5851.7,37.36,0
2017-01-13,21,07LPZ-115,2214.36,2199.52,14.84,0
2017-01-13,22,07LPZ-115,5889.05,5850.61,38.44,0
2017-01-13,23,07LPZ-115,1895.53,1880.56,14.97,0
2017-01-13,24,07LPZ-115,1569.83,1557.26,12.56,0
2017-01-13,1,07LRO-115,1949.92,1888.04,61.88,0
2017-01-13,2,07LRO-115,1957.16,1899.64,57.52,0
2017-01-13,3,07LRO-115,1572.3,1527.87,44.43,0
2017-01-13,4,07LRO-115,1552.05,1510.22,41.83,0
2017-01-13,5,07LRO-115,1560.32,1517.34,42.98,0
2017-01-13,6,07LRO-115,1611.93,1561.86,50.06,0
2017-01-13,7,07LRO-115,1562.71,1556.75,5.96,0
2017-01-13,8,07LRO-115,1866.98,1859.37,7.61,0
2017-01-13,9,07LRO-115,1781.85,1778.3,3.55,0
2017-01-13,10,07LRO-115,1620.5,1579.16,41.34,0
2017-01-13,11,07LRO-115,1813.37,1808.4,4.98,0
2017-01-13,12,07LRO-115,2173.6,2181.93,-8.33,0
2017-01-13,13,07LRO-115,2179.76,2184.73,-4.96,0
2017-01-13,14,07LRO-115,1863.83,1867.96,-4.13,0
2017-01-13,15,07LRO-115,1863.98,1870.12,-6.15,0
2017-01-13,16,07LRO-115,1837.5,1837.31,.19,0
2017-01-13,17,07LRO-115,5889.05,5807.75,81.3,0
2017-01-13,18,07LRO-115,1864.77,1838.42,26.35,0
2017-01-13,19,07LRO-115,5889.05,5890.07,-1.02,0
2017-01-13,20,07LRO-115,5889.05,5887.77,1.28,0
2017-01-13,21,07LRO-115,2198.19,2199.52,-1.33,0
2017-01-13,22,07LRO-115,5889.05,5919.62,-30.57,0
2017-01-13,23,07LRO-115,1862.03,1880.56,-18.54,0
2017-01-13,24,07LRO-115,1573.18,1557.26,15.91,0
2017-01-13,1,07OLA-115,1893.28,1888.04,5.24,0
2017-01-13,2,07OLA-115,1904.25,1899.64,4.61,0
2017-01-13,3,07OLA-115,1531.81,1527.87,3.94,0
2017-01-13,4,07OLA-115,1513.89,1510.22,3.66,0
2017-01-13,5,07OLA-115,1521.11,1517.34,3.77,0
2017-01-13,6,07OLA-115,1566.43,1561.86,4.57,0
2017-01-13,7,07OLA-115,1560,1556.75,3.24,0
2017-01-13,8,07OLA-115,1863.18,1859.37,3.81,0
2017-01-13,9,07OLA-115,1781.33,1778.3,3.03,0
2017-01-13,10,07OLA-115,1580.48,1579.16,1.32,0
2017-01-13,11,07OLA-115,1808.38,1808.4,-.02,0
2017-01-13,12,07OLA-115,2181.16,2181.93,-.77,0
2017-01-13,13,07OLA-115,2184.16,2184.73,-.56,0
2017-01-13,14,07OLA-115,1868.25,1867.96,.3,0
2017-01-13,15,07OLA-115,1870.33,1870.12,.21,0
2017-01-13,16,07OLA-115,1838.98,1837.31,1.67,0
2017-01-13,17,07OLA-115,5889.05,5876.77,12.28,0
2017-01-13,18,07OLA-115,1842.67,1838.42,4.25,0
2017-01-13,19,07OLA-115,5889.05,5887.66,1.39,0
2017-01-13,20,07OLA-115,5889.05,5887.34,1.71,0
2017-01-13,21,07OLA-115,2200.7,2199.52,1.18,0
2017-01-13,22,07OLA-115,5889.05,5885.69,3.36,0
2017-01-13,23,07OLA-115,1883.14,1880.56,2.58,0
2017-01-13,24,07OLA-115,1560.17,1557.26,2.91,0
2017-01-13,1,07PAA-115,1902.51,1888.04,14.47,0
2017-01-13,2,07PAA-115,1912.96,1899.64,13.32,0
2017-01-13,3,07PAA-115,1538.84,1527.87,10.97,0
2017-01-13,4,07PAA-115,1520.56,1510.22,10.34,0
2017-01-13,5,07PAA-115,1527.86,1517.34,10.52,0
2017-01-13,6,07PAA-115,1574.22,1561.86,12.36,0
2017-01-13,7,07PAA-115,1567.97,1556.75,11.22,0
2017-01-13,8,07PAA-115,1873.08,1859.37,13.71,0
2017-01-13,9,07PAA-115,1790.56,1778.3,12.26,0
2017-01-13,10,07PAA-115,1587.4,1579.16,8.25,0
2017-01-13,11,07PAA-115,1815.93,1808.4,7.53,0
2017-01-13,12,07PAA-115,2189.72,2181.93,7.79,0
2017-01-13,13,07PAA-115,2192.89,2184.73,8.17,0
2017-01-13,14,07PAA-115,1877.03,1867.96,9.07,0
2017-01-13,15,07PAA-115,1879.07,1870.12,8.95,0
2017-01-13,16,07PAA-115,1846.75,1837.31,9.43,0
2017-01-13,17,07PAA-115,5889.05,5852.29,36.76,0
2017-01-13,18,07PAA-115,1850.95,1838.42,12.53,0
2017-01-13,19,07PAA-115,5889.05,5867.13,21.92,0
2017-01-13,20,07PAA-115,5889.05,5866.71,22.34,0
2017-01-13,21,07PAA-115,2209.14,2199.52,9.62,0
2017-01-13,22,07PAA-115,5889.05,5863.37,25.68,0
2017-01-13,23,07PAA-115,1892.61,1880.56,12.05,0
2017-01-13,24,07PAA-115,1567.59,1557.26,10.32,0
2017-01-13,1,07PES-115,1946.93,1888.04,58.89,0
2017-01-13,2,07PES-115,1954.28,1899.64,54.64,0
2017-01-13,3,07PES-115,1569.98,1527.87,42.11,0
2017-01-13,4,07PES-115,1549.76,1510.22,39.54,0
2017-01-13,5,07PES-115,1557.99,1517.34,40.66,0
2017-01-13,6,07PES-115,1609.44,1561.86,47.58,0
2017-01-13,7,07PES-115,1559.97,1556.75,3.22,0
2017-01-13,8,07PES-115,1863.61,1859.37,4.24,0
2017-01-13,9,07PES-115,1778.58,1778.3,.28,0
2017-01-13,10,07PES-115,1617.52,1579.16,38.37,0
2017-01-13,11,07PES-115,1809.92,1808.4,1.52,0
2017-01-13,12,07PES-115,2169.52,2181.93,-12.41,0
2017-01-13,13,07PES-115,2175.72,2184.73,-9.01,0
2017-01-13,14,07PES-115,1860.54,1867.96,-7.42,0
2017-01-13,15,07PES-115,1860.73,1870.12,-9.39,0
2017-01-13,16,07PES-115,1834.31,1837.31,-3.01,0
2017-01-13,17,07PES-115,5889.05,5818.21,70.84,0
2017-01-13,18,07PES-115,1861.32,1838.42,22.9,0
2017-01-13,19,07PES-115,5889.05,5903.09,-14.04,0
2017-01-13,20,07PES-115,5889.05,5900.94,-11.89,0
2017-01-13,21,07PES-115,2193.33,2199.52,-6.19,0
2017-01-13,22,07PES-115,5889.05,5931.77,-42.72,0
2017-01-13,23,07PES-115,1858.49,1880.56,-22.07,0
2017-01-13,24,07PES-115,1570.58,1557.26,13.31,0
2017-01-13,1,07PML-115,1933.79,1888.04,45.75,0
2017-01-13,2,07PML-115,1948.18,1899.64,48.54,0
2017-01-13,3,07PML-115,1562.45,1527.87,34.58,0
2017-01-13,4,07PML-115,1543.81,1510.22,33.59,0
2017-01-13,5,07PML-115,1550.88,1517.34,33.55,0
2017-01-13,6,07PML-115,1597.69,1561.86,35.83,0
2017-01-13,7,07PML-115,1595.69,1556.75,38.94,0
2017-01-13,8,07PML-115,1908.49,1859.37,49.11,0
2017-01-13,9,07PML-115,1827.43,1778.3,49.13,0
2017-01-13,10,07PML-115,1658.79,1579.16,79.64,0
2017-01-13,11,07PML-115,1904.46,1808.4,96.06,0
2017-01-13,12,07PML-115,2301.02,2181.93,119.09,0
2017-01-13,13,07PML-115,2305.1,2184.73,120.37,0
2017-01-13,14,07PML-115,1972.29,1867.96,104.33,0
2017-01-13,15,07PML-115,1974.8,1870.12,104.68,0
2017-01-13,16,07PML-115,1896.14,1837.31,58.83,0
2017-01-13,17,07PML-115,5889.05,5701.74,187.31,0
2017-01-13,18,07PML-115,1899.16,1838.42,60.74,0
2017-01-13,19,07PML-115,5889.05,5689.57,199.49,0
2017-01-13,20,07PML-115,5889.05,5690.83,198.22,0
2017-01-13,21,07PML-115,2274.06,2199.52,74.54,0
2017-01-13,22,07PML-115,5889.05,5706.83,182.22,0
2017-01-13,23,07PML-115,1935.04,1880.56,54.48,0
2017-01-13,24,07PML-115,1598.01,1557.26,40.75,0
2017-01-13,1,07PUP-115,1900.22,1888.04,12.18,0
2017-01-13,2,07PUP-115,1910.65,1899.64,11.01,0
2017-01-13,3,07PUP-115,1537.13,1527.87,9.26,0
2017-01-13,4,07PUP-115,1518.89,1510.22,8.67,0
2017-01-13,5,07PUP-115,1526.11,1517.34,8.78,0
2017-01-13,6,07PUP-115,1572.31,1561.86,10.45,0
2017-01-13,7,07PUP-115,1566.31,1556.75,9.56,0
2017-01-13,8,07PUP-115,1871.3,1859.37,11.93,0
2017-01-13,9,07PUP-115,1789.13,1778.3,10.83,0
2017-01-13,10,07PUP-115,1584.94,1579.16,5.79,0
2017-01-13,11,07PUP-115,1813.33,1808.4,4.93,0
2017-01-13,12,07PUP-115,2186.27,2181.93,4.34,0
2017-01-13,13,07PUP-115,2189.29,2184.73,4.57,0
2017-01-13,14,07PUP-115,1874.4,1867.96,6.44,0
2017-01-13,15,07PUP-115,1876.39,1870.12,6.27,0
2017-01-13,16,07PUP-115,1843.53,1837.31,6.22,0
2017-01-13,17,07PUP-115,5889.05,5863.74,25.31,0
2017-01-13,18,07PUP-115,1847.45,1838.42,9.04,0
2017-01-13,19,07PUP-115,5889.05,5882.59,6.46,0
2017-01-13,20,07PUP-115,5889.05,5882.55,6.5,0
2017-01-13,21,07PUP-115,2203.77,2199.52,4.25,0
2017-01-13,22,07PUP-115,5889.05,5875.61,13.44,0
2017-01-13,23,07PUP-115,1890.51,1880.56,9.95,0
2017-01-13,24,07PUP-115,1565.81,1557.26,8.55,0
2017-01-13,1,07RCO-115,1899.98,1888.04,11.94,0
2017-01-13,2,07RCO-115,1910.67,1899.64,11.03,0
2017-01-13,3,07RCO-115,1536.89,1527.87,9.02,0
2017-01-13,4,07RCO-115,1518.71,1510.22,8.49,0
2017-01-13,5,07RCO-115,1526.03,1517.34,8.7,0
2017-01-13,6,07RCO-115,1572.05,1561.86,10.19,0
2017-01-13,7,07RCO-115,1565.12,1556.75,8.37,0
2017-01-13,8,07RCO-115,1869.28,1859.37,9.9,0
2017-01-13,9,07RCO-115,1786.74,1778.3,8.44,0
2017-01-13,10,07RCO-115,1585.41,1579.16,6.26,0
2017-01-13,11,07RCO-115,1813.44,1808.4,5.04,0
2017-01-13,12,07RCO-115,2187.09,2181.93,5.16,0
2017-01-13,13,07RCO-115,2190.34,2184.73,5.61,0
2017-01-13,14,07RCO-115,1874,1867.96,6.04,0
2017-01-13,15,07RCO-115,1876.05,1870.12,5.92,0
2017-01-13,16,07RCO-115,1844.58,1837.31,7.27,0
2017-01-13,17,07RCO-115,5889.05,5857.76,31.29,0
2017-01-13,18,07RCO-115,1848.94,1838.42,10.52,0
2017-01-13,19,07RCO-115,5889.05,5869.8,19.25,0
2017-01-13,20,07RCO-115,5889.05,5869.17,19.88,0
2017-01-13,21,07RCO-115,2207.63,2199.52,8.11,0
2017-01-13,22,07RCO-115,5889.05,5868.04,21.01,0
2017-01-13,23,07RCO-115,1889.02,1880.56,8.46,0
2017-01-13,24,07RCO-115,1565.09,1557.26,7.82,0
2017-01-13,1,07RFO-115,1923.14,1888.04,35.1,0
2017-01-13,2,07RFO-115,1934.43,1899.64,34.79,0
2017-01-13,3,07RFO-115,1554.9,1527.87,27.03,0
2017-01-13,4,07RFO-115,1534.93,1510.22,24.7,0
2017-01-13,5,07RFO-115,1543.44,1517.34,26.1,0
2017-01-13,6,07RFO-115,1591.39,1561.86,29.53,0
2017-01-13,7,07RFO-115,1570.23,1556.75,13.48,0
2017-01-13,8,07RFO-115,1872.56,1859.37,13.19,0
2017-01-13,9,07RFO-115,1785.06,1778.3,6.76,0
2017-01-13,10,07RFO-115,1593.48,1579.16,14.32,0
2017-01-13,11,07RFO-115,1814.55,1808.4,6.16,0
2017-01-13,12,07RFO-115,2186.44,2181.93,4.51,0
2017-01-13,13,07RFO-115,2191.26,2184.73,6.53,0
2017-01-13,14,07RFO-115,1874.96,1867.96,7,0
2017-01-13,15,07RFO-115,1877.02,1870.12,6.9,0
2017-01-13,16,07RFO-115,1846.76,1837.31,9.45,0
2017-01-13,17,07RFO-115,5889.05,5840.23,48.82,0
2017-01-13,18,07RFO-115,1855.42,1838.42,17.01,0
2017-01-13,19,07RFO-115,5889.05,5871.42,17.63,0
2017-01-13,20,07RFO-115,5889.05,5868.83,20.22,0
2017-01-13,21,07RFO-115,2208.11,2199.52,8.59,0
2017-01-13,22,07RFO-115,5889.05,5868.76,20.29,0
2017-01-13,23,07RFO-115,1886.25,1880.56,5.69,0
2017-01-13,24,07RFO-115,1570.39,1557.26,13.12,0
2017-01-13,1,07SJC-115,1935.34,1888.04,47.3,0
2017-01-13,2,07SJC-115,1949.84,1899.64,50.19,0
2017-01-13,3,07SJC-115,1563.64,1527.87,35.77,0
2017-01-13,4,07SJC-115,1544.97,1510.22,34.75,0
2017-01-13,5,07SJC-115,1552.05,1517.34,34.72,0
2017-01-13,6,07SJC-115,1598.95,1561.86,37.09,0
2017-01-13,7,07SJC-115,1597.13,1556.75,40.38,0
2017-01-13,8,07SJC-115,1910.31,1859.37,50.94,0
2017-01-13,9,07SJC-115,1829.14,1778.3,50.84,0
2017-01-13,10,07SJC-115,1660.22,1579.16,81.06,0
2017-01-13,11,07SJC-115,1906.2,1808.4,97.8,0
2017-01-13,12,07SJC-115,2303.21,2181.93,121.28,0
2017-01-13,13,07SJC-115,2307.33,2184.73,122.6,0
2017-01-13,14,07SJC-115,1974.26,1867.96,106.3,0
2017-01-13,15,07SJC-115,1976.78,1870.12,106.66,0
2017-01-13,16,07SJC-115,1898.17,1837.31,60.86,0
2017-01-13,17,07SJC-115,5889.05,5695.16,193.89,0
2017-01-13,18,07SJC-115,1901.37,1838.42,62.95,0
2017-01-13,19,07SJC-115,5889.05,5682.56,206.49,0
2017-01-13,20,07SJC-115,5889.05,5683.76,205.29,0
2017-01-13,21,07SJC-115,2276.83,2199.52,77.31,0
2017-01-13,22,07SJC-115,5889.05,5700.37,188.68,0
2017-01-13,23,07SJC-115,1936.99,1880.56,56.43,0
2017-01-13,24,07SJC-115,1599.41,1557.26,42.14,0
2017-01-13,1,07SNT-115,1927.49,1888.04,39.45,0
2017-01-13,2,07SNT-115,1940.21,1899.64,40.56,0
2017-01-13,3,07SNT-115,1558.04,1527.87,30.17,0
2017-01-13,4,07SNT-115,1539.33,1510.22,29.11,0
2017-01-13,5,07SNT-115,1546.59,1517.34,29.26,0
2017-01-13,6,07SNT-115,1594.23,1561.86,32.37,0
2017-01-13,7,07SNT-115,1591.12,1556.75,34.36,0
2017-01-13,8,07SNT-115,1902.98,1859.37,43.61,0
2017-01-13,9,07SNT-115,1820.56,1778.3,42.26,0
2017-01-13,10,07SNT-115,1630.33,1579.16,51.17,0
2017-01-13,11,07SNT-115,1867.9,1808.4,59.51,0
2017-01-13,12,07SNT-115,2255.1,2181.93,73.17,0
2017-01-13,13,07SNT-115,2258.72,2184.73,74,0
2017-01-13,14,07SNT-115,1933.59,1867.96,65.63,0
2017-01-13,15,07SNT-115,1935.78,1870.12,65.65,0
2017-01-13,16,07SNT-115,1882.71,1837.31,45.4,0
2017-01-13,17,07SNT-115,5889.05,5745.06,143.99,0
2017-01-13,18,07SNT-115,1884.92,1838.42,46.5,0
2017-01-13,19,07SNT-115,5889.05,5743.97,145.08,0
2017-01-13,20,07SNT-115,5889.05,5744.79,144.26,0
2017-01-13,21,07SNT-115,2254.18,2199.52,54.65,0
2017-01-13,22,07SNT-115,5889.05,5754.09,134.96,0
2017-01-13,23,07SNT-115,1923.76,1880.56,43.2,0
2017-01-13,24,07SNT-115,1590.57,1557.26,33.3,0
2017-01-13,1,07TCB-115,1940.22,1888.04,52.18,0
2017-01-13,2,07TCB-115,1955.16,1899.64,55.51,0
2017-01-13,3,07TCB-115,1567.47,1527.87,39.6,0
2017-01-13,4,07TCB-115,1548.69,1510.22,38.47,0
2017-01-13,5,07TCB-115,1555.73,1517.34,38.39,0
2017-01-13,6,07TCB-115,1602.79,1561.86,40.93,0
2017-01-13,7,07TCB-115,1601.01,1556.75,44.26,0
2017-01-13,8,07TCB-115,1914.85,1859.37,55.48,0
2017-01-13,9,07TCB-115,1833.58,1778.3,55.28,0
2017-01-13,10,07TCB-115,1664.4,1579.16,85.24,0
2017-01-13,11,07TCB-115,1911.15,1808.4,102.76,0
2017-01-13,12,07TCB-115,2309.48,2181.93,127.55,0
2017-01-13,13,07TCB-115,2313.87,2184.73,129.15,0
2017-01-13,14,07TCB-115,1979.96,1867.96,112.01,0
2017-01-13,15,07TCB-115,1982.46,1870.12,112.34,0
2017-01-13,16,07TCB-115,1903.51,1837.31,66.2,0
2017-01-13,17,07TCB-115,5889.05,5679.61,209.44,0
2017-01-13,18,07TCB-115,1906.56,1838.42,68.14,0
2017-01-13,19,07TCB-115,5889.05,5666.01,223.04,0
2017-01-13,20,07TCB-115,5889.05,5666.79,222.26,0
2017-01-13,21,07TCB-115,2283.67,2199.52,84.15,0
2017-01-13,22,07TCB-115,5889.05,5683.76,205.29,0
2017-01-13,23,07TCB-115,1942.21,1880.56,61.64,0
2017-01-13,24,07TCB-115,1603.44,1557.26,46.17,0
2017-01-13,1,07VIO-115,1917.6,1888.04,29.56,0
2017-01-13,2,07VIO-115,1925.65,1899.64,26.01,0
2017-01-13,3,07VIO-115,1547.05,1527.87,19.18,0
2017-01-13,4,07VIO-115,1527.22,1510.22,16.99,0
2017-01-13,5,07VIO-115,1535.16,1517.34,17.83,0
2017-01-13,6,07VIO-115,1585.1,1561.86,23.24,0
2017-01-13,7,07VIO-115,1533.74,1556.75,-23.01,0
2017-01-13,8,07VIO-115,1831.01,1859.37,-28.36,0
2017-01-13,9,07VIO-115,1746.33,1778.3,-31.97,0
2017-01-13,10,07VIO-115,1587.72,1579.16,8.56,0
2017-01-13,11,07VIO-115,1775.11,1808.4,-33.29,0
2017-01-13,12,07VIO-115,2128.01,2181.93,-53.92,0
2017-01-13,13,07VIO-115,2134.17,2184.73,-50.55,0
2017-01-13,14,07VIO-115,1825.92,1867.96,-42.04,0
2017-01-13,15,07VIO-115,1826.54,1870.12,-43.59,0
2017-01-13,16,07VIO-115,1800.71,1837.31,-36.6,0
2017-01-13,17,07VIO-115,5889.05,5929.52,-40.47,0
2017-01-13,18,07VIO-115,1826.16,1838.42,-12.26,0
2017-01-13,19,07VIO-115,5889.05,6029.58,-140.53,0
2017-01-13,20,07VIO-115,5889.05,6027.39,-138.34,0
2017-01-13,21,07VIO-115,2147.87,2199.52,-51.65,0
2017-01-13,22,07VIO-115,5889.05,6049.43,-160.38,0
2017-01-13,23,07VIO-115,1824.39,1880.56,-56.18,0
2017-01-13,24,07VIO-115,1544.47,1557.26,-12.79,0
2017-01-14,1,07BLE-115,1592.68,1582.02,10.66,0
2017-01-14,2,07BLE-115,1540.8,1531.71,9.09,0
2017-01-14,3,07BLE-115,1415.67,1410.46,5.21,0
2017-01-14,4,07BLE-115,1522.62,1513.56,9.06,0
2017-01-14,5,07BLE-115,1522.89,1513.95,8.93,0
2017-01-14,6,07BLE-115,1551.8,1541.68,10.12,0
2017-01-14,7,07BLE-115,1766.1,1753.47,12.63,0
2017-01-14,8,07BLE-115,1520.89,1514.2,6.69,0
2017-01-14,9,07BLE-115,1595.44,1587.4,8.04,0
2017-01-14,10,07BLE-115,1851.35,1844.66,6.69,0
2017-01-14,11,07BLE-115,1797.55,1789.47,8.08,0
2017-01-14,12,07BLE-115,1915.31,1907.36,7.95,0
2017-01-14,13,07BLE-115,1928.73,1920.8,7.93,0
2017-01-14,14,07BLE-115,1928.73,1920.8,7.93,0
2017-01-14,15,07BLE-115,1919.31,1911.41,7.9,0
2017-01-14,16,07BLE-115,1752.49,1746.09,6.41,0
2017-01-14,17,07BLE-115,1951.46,1943.04,8.42,0
2017-01-14,18,07BLE-115,1887.74,1876.61,11.13,0
2017-01-14,19,07BLE-115,5889.05,5865.09,23.96,0
2017-01-14,20,07BLE-115,5889.05,5864.29,24.76,0
2017-01-14,21,07BLE-115,2241.12,2231.14,9.98,0
2017-01-14,22,07BLE-115,1934.76,1927.19,7.57,0
2017-01-14,23,07BLE-115,1909.59,1900.92,8.67,0
2017-01-14,24,07BLE-115,1564.62,1556.9,7.72,0
2017-01-14,1,07CAB-115,1625.12,1582.02,43.1,0
2017-01-14,2,07CAB-115,1571.75,1531.71,40.04,0
2017-01-14,3,07CAB-115,1446.63,1410.46,36.17,0
2017-01-14,4,07CAB-115,1551.44,1513.56,37.89,0
2017-01-14,5,07CAB-115,1551.99,1513.95,38.04,0
2017-01-14,6,07CAB-115,1581.1,1541.68,39.42,0
2017-01-14,7,07CAB-115,1800.65,1753.47,47.18,0
2017-01-14,8,07CAB-115,1557.57,1514.2,43.38,0
2017-01-14,9,07CAB-115,1636.67,1587.4,49.28,0
2017-01-14,10,07CAB-115,1946.68,1844.66,102.02,0
2017-01-14,11,07CAB-115,1891.49,1789.47,102.02,0
2017-01-14,12,07CAB-115,2018.83,1907.36,111.47,0
2017-01-14,13,07CAB-115,2033.54,1920.8,112.74,0
2017-01-14,14,07CAB-115,2033.54,1920.8,112.74,0
2017-01-14,15,07CAB-115,2023.4,1911.41,112,0
2017-01-14,16,07CAB-115,1806.81,1746.09,60.73,0
2017-01-14,17,07CAB-115,2028.57,1943.04,85.52,0
2017-01-14,18,07CAB-115,1943.83,1876.61,67.22,0
2017-01-14,19,07CAB-115,5889.05,5670.53,218.52,0
2017-01-14,20,07CAB-115,5889.05,5668.67,220.38,0
2017-01-14,21,07CAB-115,2314.71,2231.14,83.57,0
2017-01-14,22,07CAB-115,1996.3,1927.19,69.11,0
2017-01-14,23,07CAB-115,1963.96,1900.92,63.04,0
2017-01-14,24,07CAB-115,1603.63,1556.9,46.73,0
2017-01-14,1,07CAD-115,1624.93,1582.02,42.91,0
2017-01-14,2,07CAD-115,1571.57,1531.71,39.86,0
2017-01-14,3,07CAD-115,1446.46,1410.46,36,0
2017-01-14,4,07CAD-115,1551.26,1513.56,37.7,0
2017-01-14,5,07CAD-115,1551.81,1513.95,37.86,0
2017-01-14,6,07CAD-115,1580.91,1541.68,39.23,0
2017-01-14,7,07CAD-115,1800.45,1753.47,46.97,0
2017-01-14,8,07CAD-115,1557.35,1514.2,43.16,0
2017-01-14,9,07CAD-115,1636.38,1587.4,48.99,0
2017-01-14,10,07CAD-115,1946.27,1844.66,101.61,0
2017-01-14,11,07CAD-115,1891.08,1789.47,101.61,0
2017-01-14,12,07CAD-115,2018.41,1907.36,111.05,0
2017-01-14,13,07CAD-115,2033.11,1920.8,112.31,0
2017-01-14,14,07CAD-115,2033.11,1920.8,112.31,0
2017-01-14,15,07CAD-115,2022.97,1911.41,111.57,0
2017-01-14,16,07CAD-115,1806.44,1746.09,60.35,0
2017-01-14,17,07CAD-115,2028.11,1943.04,85.07,0
2017-01-14,18,07CAD-115,1943.52,1876.61,66.92,0
2017-01-14,19,07CAD-115,5889.05,5671.19,217.86,0
2017-01-14,20,07CAD-115,5889.05,5669.06,220,0
2017-01-14,21,07CAD-115,2314.56,2231.14,83.42,0
2017-01-14,22,07CAD-115,1996.15,1927.19,68.96,0
2017-01-14,23,07CAD-115,1963.82,1900.92,62.9,0
2017-01-14,24,07CAD-115,1603.52,1556.9,46.62,0
2017-01-14,1,07CAF-115,1625.59,1582.02,43.57,0
2017-01-14,2,07CAF-115,1572.17,1531.71,40.46,0
2017-01-14,3,07CAF-115,1447.01,1410.46,36.55,0
2017-01-14,4,07CAF-115,1551.83,1513.56,38.28,0
2017-01-14,5,07CAF-115,1552.39,1513.95,38.44,0
2017-01-14,6,07CAF-115,1581.52,1541.68,39.84,0
2017-01-14,7,07CAF-115,1801.18,1753.47,47.71,0
2017-01-14,8,07CAF-115,1557.98,1514.2,43.79,0
2017-01-14,9,07CAF-115,1637.09,1587.4,49.69,0
2017-01-14,10,07CAF-115,1947.11,1844.66,102.45,0
2017-01-14,11,07CAF-115,1891.9,1789.47,102.43,0
2017-01-14,12,07CAF-115,2019.3,1907.36,111.94,0
2017-01-14,13,07CAF-115,2034.01,1920.8,113.21,0
2017-01-14,14,07CAF-115,2034.01,1920.8,113.21,0
2017-01-14,15,07CAF-115,2023.87,1911.41,112.47,0
2017-01-14,16,07CAF-115,1807.22,1746.09,61.13,0
2017-01-14,17,07CAF-115,2029.23,1943.04,86.18,0
2017-01-14,18,07CAF-115,1944.42,1876.61,67.81,0
2017-01-14,19,07CAF-115,5889.05,5668.11,220.94,0
2017-01-14,20,07CAF-115,5889.05,5665.83,223.23,0
2017-01-14,21,07CAF-115,2315.87,2231.14,84.73,0
2017-01-14,22,07CAF-115,1997.24,1927.19,70.05,0
2017-01-14,23,07CAF-115,1964.83,1900.92,63.91,0
2017-01-14,24,07CAF-115,1604.27,1556.9,47.37,0
2017-01-14,1,07CAS-115,1621.63,1582.02,39.61,0
2017-01-14,2,07CAS-115,1568.54,1531.71,36.82,0
2017-01-14,3,07CAS-115,1443.75,1410.46,33.29,0
2017-01-14,4,07CAS-115,1548.39,1513.56,34.83,0
2017-01-14,5,07CAS-115,1548.92,1513.95,34.97,0
2017-01-14,6,07CAS-115,1577.93,1541.68,36.26,0
2017-01-14,7,07CAS-115,1796.82,1753.47,43.35,0
2017-01-14,8,07CAS-115,1554.09,1514.2,39.9,0
2017-01-14,9,07CAS-115,1632.76,1587.4,45.36,0
2017-01-14,10,07CAS-115,1941.87,1844.66,97.21,0
2017-01-14,11,07CAS-115,1886.69,1789.47,97.22,0
2017-01-14,12,07CAS-115,2013.57,1907.36,106.21,0
2017-01-14,13,07CAS-115,2028.15,1920.8,107.35,0
2017-01-14,14,07CAS-115,2028.15,1920.8,107.35,0
2017-01-14,15,07CAS-115,2018.05,1911.41,106.64,0
2017-01-14,16,07CAS-115,1801.97,1746.09,55.88,0
2017-01-14,17,07CAS-115,2021.73,1943.04,78.69,0
2017-01-14,18,07CAS-115,1938.38,1876.61,61.77,0
2017-01-14,19,07CAS-115,5889.05,5687.67,201.38,0
2017-01-14,20,07CAS-115,5889.05,5685.93,203.12,0
2017-01-14,21,07CAS-115,2307.83,2231.14,76.69,0
2017-01-14,22,07CAS-115,1990.64,1927.19,63.45,0
2017-01-14,23,07CAS-115,1958.88,1900.92,57.96,0
2017-01-14,24,07CAS-115,1599.88,1556.9,42.98,0
2017-01-14,1,07COR-230,1575.67,1582.02,-6.36,0
2017-01-14,2,07COR-230,1526,1531.71,-5.71,0
2017-01-14,3,07COR-230,1405.95,1410.46,-4.51,0
2017-01-14,4,07COR-230,1508.05,1513.56,-5.51,0
2017-01-14,5,07COR-230,1508.45,1513.95,-5.5,0
2017-01-14,6,07COR-230,1535.79,1541.68,-5.89,0
2017-01-14,7,07COR-230,1746.3,1753.47,-7.17,0
2017-01-14,8,07COR-230,1508.64,1514.2,-5.56,0
2017-01-14,9,07COR-230,1580.94,1587.4,-6.46,0
2017-01-14,10,07COR-230,1837.06,1844.66,-7.6,0
2017-01-14,11,07COR-230,1781.63,1789.47,-7.84,0
2017-01-14,12,07COR-230,1898.98,1907.36,-8.38,0
2017-01-14,13,07COR-230,1912.36,1920.8,-8.44,0
2017-01-14,14,07COR-230,1912.36,1920.8,-8.44,0
2017-01-14,15,07COR-230,1903.02,1911.41,-8.39,0
2017-01-14,16,07COR-230,1738.91,1746.09,-7.18,0
2017-01-14,17,07COR-230,1933.89,1943.04,-9.16,0
2017-01-14,18,07COR-230,1868.38,1876.61,-8.23,0
2017-01-14,19,07COR-230,5889.05,5907.74,-18.69,0
2017-01-14,20,07COR-230,5889.05,5908.05,-19,0
2017-01-14,21,07COR-230,2224.02,2231.14,-7.12,0
2017-01-14,22,07COR-230,1921.49,1927.19,-5.7,0
2017-01-14,23,07COR-230,1895.38,1900.92,-5.54,0
2017-01-14,24,07COR-230,1552.68,1556.9,-4.22,0
2017-01-14,1,07CRE-115,1617.71,1582.02,35.69,0
2017-01-14,2,07CRE-115,1564.85,1531.71,33.14,0
2017-01-14,3,07CRE-115,1440.46,1410.46,30,0
2017-01-14,4,07CRE-115,1544.88,1513.56,31.32,0
2017-01-14,5,07CRE-115,1545.39,1513.95,31.44,0
2017-01-14,6,07CRE-115,1574.33,1541.68,32.65,0
2017-01-14,7,07CRE-115,1792.62,1753.47,39.15,0
2017-01-14,8,07CRE-115,1550.36,1514.2,36.17,0
2017-01-14,9,07CRE-115,1628.62,1587.4,41.22,0
2017-01-14,10,07CRE-115,1936.72,1844.66,92.06,0
2017-01-14,11,07CRE-115,1881.46,1789.47,91.99,0
2017-01-14,12,07CRE-115,2007.81,1907.36,100.45,0
2017-01-14,13,07CRE-115,2022.33,1920.8,101.53,0
2017-01-14,14,07CRE-115,2022.33,1920.8,101.53,0
2017-01-14,15,07CRE-115,2012.27,1911.41,100.87,0
2017-01-14,16,07CRE-115,1796.81,1746.09,50.72,0
2017-01-14,17,07CRE-115,2014.42,1943.04,71.37,0
2017-01-14,18,07CRE-115,1932.6,1876.61,56,0
2017-01-14,19,07CRE-115,5889.05,5705.92,183.13,0
2017-01-14,20,07CRE-115,5889.05,5704.2,184.85,0
2017-01-14,21,07CRE-115,2300.55,2231.14,69.41,0
2017-01-14,22,07CRE-115,1984.63,1927.19,57.44,0
2017-01-14,23,07CRE-115,1953.36,1900.92,52.44,0
2017-01-14,24,07CRE-115,1595.73,1556.9,38.83,0
2017-01-14,1,07DLC-115,1625.36,1582.02,43.34,0
2017-01-14,2,07DLC-115,1571.97,1531.71,40.26,0
2017-01-14,3,07DLC-115,1446.83,1410.46,36.37,0
2017-01-14,4,07DLC-115,1551.65,1513.56,38.09,0
2017-01-14,5,07DLC-115,1552.21,1513.95,38.26,0
2017-01-14,6,07DLC-115,1581.32,1541.68,39.64,0
2017-01-14,7,07DLC-115,1800.92,1753.47,47.45,0
2017-01-14,8,07DLC-115,1557.76,1514.2,43.56,0
2017-01-14,9,07DLC-115,1636.82,1587.4,49.43,0
2017-01-14,10,07DLC-115,1946.78,1844.66,102.12,0
2017-01-14,11,07DLC-115,1891.58,1789.47,102.11,0
2017-01-14,12,07DLC-115,2018.95,1907.36,111.59,0
2017-01-14,13,07DLC-115,2033.66,1920.8,112.86,0
2017-01-14,14,07DLC-115,2033.66,1920.8,112.86,0
2017-01-14,15,07DLC-115,2023.51,1911.41,112.1,0
2017-01-14,16,07DLC-115,1806.84,1746.09,60.75,0
2017-01-14,17,07DLC-115,2028.72,1943.04,85.68,0
2017-01-14,18,07DLC-115,1944.07,1876.61,67.47,0
2017-01-14,19,07DLC-115,5889.05,5669.46,219.59,0
2017-01-14,20,07DLC-115,5889.05,5667.29,221.76,0
2017-01-14,21,07DLC-115,2315.28,2231.14,84.14,0
2017-01-14,22,07DLC-115,1996.76,1927.19,69.57,0
2017-01-14,23,07DLC-115,1964.4,1900.92,63.48,0
2017-01-14,24,07DLC-115,1603.97,1556.9,47.07,0
2017-01-14,1,07DOM-115,1616.13,1582.02,34.11,0
2017-01-14,2,07DOM-115,1549.93,1531.71,18.22,0
2017-01-14,3,07DOM-115,1381.46,1410.46,-29,0
2017-01-14,4,07DOM-115,1540.46,1513.56,26.91,0
2017-01-14,5,07DOM-115,1540.6,1513.95,26.65,0
2017-01-14,6,07DOM-115,1578.28,1541.68,36.6,0
2017-01-14,7,07DOM-115,1801.39,1753.47,47.92,0
2017-01-14,8,07DOM-115,1493.33,1514.2,-20.87,0
2017-01-14,9,07DOM-115,1576.85,1587.4,-10.54,0
2017-01-14,10,07DOM-115,1802.3,1844.66,-42.36,0
2017-01-14,11,07DOM-115,1813.47,1789.47,24,0
2017-01-14,12,07DOM-115,1916.84,1907.36,9.48,0
2017-01-14,13,07DOM-115,1927.4,1920.8,6.6,0
2017-01-14,14,07DOM-115,1927.4,1920.8,6.6,0
2017-01-14,15,07DOM-115,1916.48,1911.41,5.07,0
2017-01-14,16,07DOM-115,1672.89,1746.09,-73.2,0
2017-01-14,17,07DOM-115,1947.73,1943.04,4.69,0
2017-01-14,18,07DOM-115,1883.43,1876.61,6.82,0
2017-01-14,19,07DOM-115,5889.05,5927.3,-38.25,0
2017-01-14,20,07DOM-115,5889.05,5926.58,-37.53,0
2017-01-14,21,07DOM-115,2201.53,2231.14,-29.61,0
2017-01-14,22,07DOM-115,1837.65,1927.19,-89.54,0
2017-01-14,23,07DOM-115,1845.05,1900.92,-55.87,0
2017-01-14,24,07DOM-115,1543.92,1556.9,-12.98,0
2017-01-14,1,07ELP-230,1609.84,1582.02,27.82,0
2017-01-14,2,07ELP-230,1557.53,1531.71,25.82,0
2017-01-14,3,07ELP-230,1433.75,1410.46,23.29,0
2017-01-14,4,07ELP-230,1537.97,1513.56,24.42,0
2017-01-14,5,07ELP-230,1538.46,1513.95,24.51,0
2017-01-14,6,07ELP-230,1567.14,1541.68,25.46,0
2017-01-14,7,07ELP-230,1784,1753.47,30.53,0
2017-01-14,8,07ELP-230,1542.25,1514.2,28.05,0
2017-01-14,9,07ELP-230,1619.35,1587.4,31.95,0
2017-01-14,10,07ELP-230,1924.49,1844.66,79.83,0
2017-01-14,11,07ELP-230,1869.27,1789.47,79.8,0
2017-01-14,12,07ELP-230,1994.5,1907.36,87.14,0
2017-01-14,13,07ELP-230,2008.89,1920.8,88.09,0
2017-01-14,14,07ELP-230,2008.89,1920.8,88.09,0
2017-01-14,15,07ELP-230,1998.92,1911.41,87.52,0
2017-01-14,16,07ELP-230,1785.35,1746.09,39.26,0
2017-01-14,17,07ELP-230,1998.18,1943.04,55.14,0
2017-01-14,18,07ELP-230,1919.98,1876.61,43.38,0
2017-01-14,19,07ELP-230,5889.05,5746.17,142.88,0
2017-01-14,20,07ELP-230,5889.05,5744.81,144.24,0
2017-01-14,21,07ELP-230,2284.99,2231.14,53.85,0
2017-01-14,22,07ELP-230,1971.73,1927.19,44.54,0
2017-01-14,23,07ELP-230,1941.63,1900.92,40.71,0
2017-01-14,24,07ELP-230,1587.06,1556.9,30.16,0
2017-01-14,1,07ETR-115,1603.46,1582.02,21.44,0
2017-01-14,2,07ETR-115,1551.01,1531.71,19.3,0
2017-01-14,3,07ETR-115,1425.41,1410.46,14.95,0
2017-01-14,4,07ETR-115,1531.75,1513.56,18.19,0
2017-01-14,5,07ETR-115,1532.17,1513.95,18.22,0
2017-01-14,6,07ETR-115,1561.37,1541.68,19.69,0
2017-01-14,7,07ETR-115,1777.99,1753.47,24.52,0
2017-01-14,8,07ETR-115,1534.24,1514.2,20.04,0
2017-01-14,9,07ETR-115,1611.36,1587.4,23.96,0
2017-01-14,10,07ETR-115,1878.31,1844.66,33.65,0
2017-01-14,11,07ETR-115,1820.01,1789.47,30.54,0
2017-01-14,12,07ETR-115,1940.36,1907.36,33,0
2017-01-14,13,07ETR-115,1954.16,1920.8,33.36,0
2017-01-14,14,07ETR-115,1954.16,1920.8,33.36,0
2017-01-14,15,07ETR-115,1944.59,1911.41,33.19,0
2017-01-14,16,07ETR-115,1772.26,1746.09,26.17,0
2017-01-14,17,07ETR-115,1969.19,1943.04,26.15,0
2017-01-14,18,07ETR-115,1903.79,1876.61,27.19,0
2017-01-14,19,07ETR-115,5889.05,5816.05,73,0
2017-01-14,20,07ETR-115,5889.05,5815.88,73.17,0
2017-01-14,21,07ETR-115,2259.95,2231.14,28.8,0
2017-01-14,22,07ETR-115,1952.81,1927.19,25.62,0
2017-01-14,23,07ETR-115,1926.36,1900.92,25.44,0
2017-01-14,24,07ETR-115,1575.68,1556.9,18.78,0
2017-01-14,1,07GAO-115,1589.4,1582.02,7.38,0
2017-01-14,2,07GAO-115,1526.22,1531.71,-5.49,0
2017-01-14,3,07GAO-115,1358.76,1410.46,-51.7,0
2017-01-14,4,07GAO-115,1524.78,1513.56,11.22,0
2017-01-14,5,07GAO-115,1524.76,1513.95,10.81,0
2017-01-14,6,07GAO-115,1561.11,1541.68,19.43,0
2017-01-14,7,07GAO-115,1780.62,1753.47,27.15,0
2017-01-14,8,07GAO-115,1461.22,1514.2,-52.98,0
2017-01-14,9,07GAO-115,1540.05,1587.4,-47.35,0
2017-01-14,10,07GAO-115,1751.73,1844.66,-92.94,0
2017-01-14,11,07GAO-115,1774.23,1789.47,-15.24,0
2017-01-14,12,07GAO-115,1871.7,1907.36,-35.66,0
2017-01-14,13,07GAO-115,1882.64,1920.8,-38.16,0
2017-01-14,14,07GAO-115,1882.64,1920.8,-38.16,0
2017-01-14,15,07GAO-115,1872.11,1911.41,-39.3,0
2017-01-14,16,07GAO-115,1622.55,1746.09,-123.54,0
2017-01-14,17,07GAO-115,1902.75,1943.04,-40.29,0
2017-01-14,18,07GAO-115,1842.07,1876.61,-34.54,0
2017-01-14,19,07GAO-115,5889.05,6073.07,-184.02,0
2017-01-14,20,07GAO-115,5889.05,6073.12,-184.07,0
2017-01-14,21,07GAO-115,2147.33,2231.14,-83.81,0
2017-01-14,22,07GAO-115,1781.39,1927.19,-145.8,0
2017-01-14,23,07GAO-115,1797.23,1900.92,-103.69,0
2017-01-14,24,07GAO-115,1511.91,1556.9,-44.99,0
2017-01-14,1,07INS-115,1614.72,1582.02,32.7,0
2017-01-14,2,07INS-115,1548.89,1531.71,17.18,0
2017-01-14,3,07INS-115,1381.04,1410.46,-29.42,0
2017-01-14,4,07INS-115,1539.89,1513.56,26.34,0
2017-01-14,5,07INS-115,1540.03,1513.95,26.08,0
2017-01-14,6,07INS-115,1577.47,1541.68,35.79,0
2017-01-14,7,07INS-115,1800.45,1753.47,46.98,0
2017-01-14,8,07INS-115,1492.33,1514.2,-21.87,0
2017-01-14,9,07INS-115,1575.48,1587.4,-11.92,0
2017-01-14,10,07INS-115,1800.55,1844.66,-44.11,0
2017-01-14,11,07INS-115,1811.68,1789.47,22.21,0
2017-01-14,12,07INS-115,1914.89,1907.36,7.54,0
2017-01-14,13,07INS-115,1925.57,1920.8,4.78,0
2017-01-14,14,07INS-115,1925.57,1920.8,4.78,0
2017-01-14,15,07INS-115,1914.67,1911.41,3.26,0
2017-01-14,16,07INS-115,1671.3,1746.09,-74.79,0
2017-01-14,17,07INS-115,1946,1943.04,2.96,0
2017-01-14,18,07INS-115,1881.76,1876.61,5.15,0
2017-01-14,19,07INS-115,5889.05,5932.8,-43.75,0
2017-01-14,20,07INS-115,5889.05,5932.13,-43.08,0
2017-01-14,21,07INS-115,2199.57,2231.14,-31.58,0
2017-01-14,22,07INS-115,1836.03,1927.19,-91.16,0
2017-01-14,23,07INS-115,1843.49,1900.92,-57.43,0
2017-01-14,24,07INS-115,1542.7,1556.9,-14.2,0
2017-01-14,1,07LAP-115,1601.93,1582.02,19.91,0
2017-01-14,2,07LAP-115,1542.08,1531.71,10.37,0
2017-01-14,3,07LAP-115,1389.41,1410.46,-21.06,0
2017-01-14,4,07LAP-115,1531.93,1513.56,18.37,0
2017-01-14,5,07LAP-115,1531.96,1513.95,18.01,0
2017-01-14,6,07LAP-115,1566.32,1541.68,24.64,0
2017-01-14,7,07LAP-115,1785.78,1753.47,32.31,0
2017-01-14,8,07LAP-115,1495.79,1514.2,-18.41,0
2017-01-14,9,07LAP-115,1574.32,1587.4,-13.08,0
2017-01-14,10,07LAP-115,1806.94,1844.66,-37.72,0
2017-01-14,11,07LAP-115,1798.91,1789.47,9.44,0
2017-01-14,12,07LAP-115,1905.79,1907.36,-1.57,0
2017-01-14,13,07LAP-115,1917.61,1920.8,-3.19,0
2017-01-14,14,07LAP-115,1917.61,1920.8,-3.19,0
2017-01-14,15,07LAP-115,1907.36,1911.41,-4.04,0
2017-01-14,16,07LAP-115,1689.01,1746.09,-57.08,0
2017-01-14,17,07LAP-115,1940.19,1943.04,-2.85,0
2017-01-14,18,07LAP-115,1876.1,1876.61,-.51,0
2017-01-14,19,07LAP-115,5889.05,5935.74,-46.69,0
2017-01-14,20,07LAP-115,5889.05,5935.04,-45.99,0
2017-01-14,21,07LAP-115,2203.55,2231.14,-27.59,0
2017-01-14,22,07LAP-115,1859.54,1927.19,-67.65,0
2017-01-14,23,07LAP-115,1857.05,1900.92,-43.87,0
2017-01-14,24,07LAP-115,1544.1,1556.9,-12.8,0
2017-01-14,1,07LPZ-115,1595.92,1582.02,13.9,0
2017-01-14,2,07LPZ-115,1543.71,1531.71,12,0
2017-01-14,3,07LPZ-115,1418.47,1410.46,8.01,0
2017-01-14,4,07LPZ-115,1525.25,1513.56,11.69,0
2017-01-14,5,07LPZ-115,1525.5,1513.95,11.55,0
2017-01-14,6,07LPZ-115,1554.47,1541.68,12.79,0
2017-01-14,7,07LPZ-115,1769.31,1753.47,15.84,0
2017-01-14,8,07LPZ-115,1524.38,1514.2,10.19,0
2017-01-14,9,07LPZ-115,1599.59,1587.4,12.19,0
2017-01-14,10,07LPZ-115,1857.12,1844.66,12.46,0
2017-01-14,11,07LPZ-115,1801.58,1789.47,12.12,0
2017-01-14,12,07LPZ-115,1919.84,1907.36,12.48,0
2017-01-14,13,07LPZ-115,1933.33,1920.8,12.54,0
2017-01-14,14,07LPZ-115,1933.33,1920.8,12.54,0
2017-01-14,15,07LPZ-115,1923.9,1911.41,12.5,0
2017-01-14,16,07LPZ-115,1757.74,1746.09,11.65,0
2017-01-14,17,07LPZ-115,1954.65,1943.04,11.61,0
2017-01-14,18,07LPZ-115,1891.74,1876.61,15.14,0
2017-01-14,19,07LPZ-115,5889.05,5853.77,35.28,0
2017-01-14,20,07LPZ-115,5889.05,5852.88,36.17,0
2017-01-14,21,07LPZ-115,2246.08,2231.14,14.94,0
2017-01-14,22,07LPZ-115,1940.15,1927.19,12.96,0
2017-01-14,23,07LPZ-115,1914.61,1900.92,13.69,0
2017-01-14,24,07LPZ-115,1568.01,1556.9,11.11,0
2017-01-14,1,07LRO-115,1631.67,1582.02,49.65,0
2017-01-14,2,07LRO-115,1564.5,1531.71,32.79,0
2017-01-14,3,07LRO-115,1394.81,1410.46,-15.65,0
2017-01-14,4,07LRO-115,1554.76,1513.56,41.2,0
2017-01-14,5,07LRO-115,1554.16,1513.95,40.21,0
2017-01-14,6,07LRO-115,1592.93,1541.68,51.25,0
2017-01-14,7,07LRO-115,1819.09,1753.47,65.61,0
2017-01-14,8,07LRO-115,1509.33,1514.2,-4.87,0
2017-01-14,9,07LRO-115,1595.13,1587.4,7.74,0
2017-01-14,10,07LRO-115,1823.95,1844.66,-20.71,0
2017-01-14,11,07LRO-115,1834.68,1789.47,45.21,0
2017-01-14,12,07LRO-115,1939.78,1907.36,32.42,0
2017-01-14,13,07LRO-115,1951.11,1920.8,30.31,0
2017-01-14,14,07LRO-115,1951.11,1920.8,30.31,0
2017-01-14,15,07LRO-115,1939.89,1911.41,28.49,0
2017-01-14,16,07LRO-115,1692.45,1746.09,-53.64,0
2017-01-14,17,07LRO-115,1969.43,1943.04,26.38,0
2017-01-14,18,07LRO-115,1905.31,1876.61,28.7,0
2017-01-14,19,07LRO-115,5889.05,5850.37,38.68,0
2017-01-14,20,07LRO-115,5889.05,5848.23,40.82,0
2017-01-14,21,07LRO-115,2230.45,2231.14,-.7,0
2017-01-14,22,07LRO-115,1860.83,1927.19,-66.36,0
2017-01-14,23,07LRO-115,1866.14,1900.92,-34.79,0
2017-01-14,24,07LRO-115,1559.74,1556.9,2.84,0
2017-01-14,1,07OLA-115,1586.08,1582.02,4.06,0
2017-01-14,2,07OLA-115,1534.99,1531.71,3.28,0
2017-01-14,3,07OLA-115,1411.69,1410.46,1.23,0
2017-01-14,4,07OLA-115,1516.95,1513.56,3.39,0
2017-01-14,5,07OLA-115,1517.28,1513.95,3.33,0
2017-01-14,6,07OLA-115,1545.59,1541.68,3.92,0
2017-01-14,7,07OLA-115,1758.47,1753.47,4.99,0
2017-01-14,8,07OLA-115,1516.02,1514.2,1.82,0
2017-01-14,9,07OLA-115,1589.81,1587.4,2.41,0
2017-01-14,10,07OLA-115,1845.21,1844.66,.55,0
2017-01-14,11,07OLA-115,1790.64,1789.47,1.18,0
2017-01-14,12,07OLA-115,1908.15,1907.36,.79,0
2017-01-14,13,07OLA-115,1921.53,1920.8,.73,0
2017-01-14,14,07OLA-115,1921.53,1920.8,.73,0
2017-01-14,15,07OLA-115,1912.14,1911.41,.74,0
2017-01-14,16,07OLA-115,1747.02,1746.09,.93,0
2017-01-14,17,07OLA-115,1944.45,1943.04,1.4,0
2017-01-14,18,07OLA-115,1880.33,1876.61,3.73,0
2017-01-14,19,07OLA-115,5889.05,5886.79,2.26,0
2017-01-14,20,07OLA-115,5889.05,5886.49,2.56,0
2017-01-14,21,07OLA-115,2232.66,2231.14,1.52,0
2017-01-14,22,07OLA-115,1927.87,1927.19,.68,0
2017-01-14,23,07OLA-115,1902.86,1900.92,1.94,0
2017-01-14,24,07OLA-115,1559.06,1556.9,2.16,0
2017-01-14,1,07PAA-115,1593.75,1582.02,11.73,0
2017-01-14,2,07PAA-115,1541.75,1531.71,10.04,0
2017-01-14,3,07PAA-115,1416.86,1410.46,6.4,0
2017-01-14,4,07PAA-115,1523.31,1513.56,9.76,0
2017-01-14,5,07PAA-115,1523.62,1513.95,9.67,0
2017-01-14,6,07PAA-115,1552.51,1541.68,10.83,0
2017-01-14,7,07PAA-115,1767.12,1753.47,13.64,0
2017-01-14,8,07PAA-115,1522.61,1514.2,8.42,0
2017-01-14,9,07PAA-115,1597.51,1587.4,10.11,0
2017-01-14,10,07PAA-115,1855,1844.66,10.34,0
2017-01-14,11,07PAA-115,1798.47,1789.47,9,0
2017-01-14,12,07PAA-115,1916.59,1907.36,9.23,0
2017-01-14,13,07PAA-115,1930.01,1920.8,9.21,0
2017-01-14,14,07PAA-115,1930.01,1920.8,9.21,0
2017-01-14,15,07PAA-115,1920.61,1911.41,9.21,0
2017-01-14,16,07PAA-115,1755.66,1746.09,9.57,0
2017-01-14,17,07PAA-115,1949.78,1943.04,6.73,0
2017-01-14,18,07PAA-115,1888.24,1876.61,11.63,0
2017-01-14,19,07PAA-115,5889.05,5867.34,21.71,0
2017-01-14,20,07PAA-115,5889.05,5866.47,22.58,0
2017-01-14,21,07PAA-115,2241.56,2231.14,10.42,0
2017-01-14,22,07PAA-115,1936.54,1927.19,9.35,0
2017-01-14,23,07PAA-115,1912.23,1900.92,11.31,0
2017-01-14,24,07PAA-115,1565.97,1556.9,9.07,0
2017-01-14,1,07PES-115,1629.2,1582.02,47.18,0
2017-01-14,2,07PES-115,1562.24,1531.71,30.53,0
2017-01-14,3,07PES-115,1392.82,1410.46,-17.64,0
2017-01-14,4,07PES-115,1552.61,1513.56,39.05,0
2017-01-14,5,07PES-115,1552.11,1513.95,38.16,0
2017-01-14,6,07PES-115,1590.7,1541.68,49.02,0
2017-01-14,7,07PES-115,1816.37,1753.47,62.89,0
2017-01-14,8,07PES-115,1506.87,1514.2,-7.33,0
2017-01-14,9,07PES-115,1592.28,1587.4,4.88,0
2017-01-14,10,07PES-115,1820.57,1844.66,-24.09,0
2017-01-14,11,07PES-115,1831.35,1789.47,41.88,0
2017-01-14,12,07PES-115,1936.19,1907.36,28.83,0
2017-01-14,13,07PES-115,1947.41,1920.8,26.61,0
2017-01-14,14,07PES-115,1947.41,1920.8,26.61,0
2017-01-14,15,07PES-115,1936.24,1911.41,24.83,0
2017-01-14,16,07PES-115,1689.41,1746.09,-56.68,0
2017-01-14,17,07PES-115,1966.06,1943.04,23.02,0
2017-01-14,18,07PES-115,1901.89,1876.61,25.28,0
2017-01-14,19,07PES-115,5889.05,5862.63,26.42,0
2017-01-14,20,07PES-115,5889.05,5860.74,28.31,0
2017-01-14,21,07PES-115,2225.79,2231.14,-5.35,0
2017-01-14,22,07PES-115,1857.11,1927.19,-70.07,0
2017-01-14,23,07PES-115,1862.75,1900.92,-38.17,0
2017-01-14,24,07PES-115,1557.22,1556.9,.32,0
2017-01-14,1,07PML-115,1620.21,1582.02,38.19,0
2017-01-14,2,07PML-115,1567.13,1531.71,35.42,0
2017-01-14,3,07PML-115,1442.53,1410.46,32.07,0
2017-01-14,4,07PML-115,1547.01,1513.56,33.45,0
2017-01-14,5,07PML-115,1547.54,1513.95,33.59,0
2017-01-14,6,07PML-115,1576.6,1541.68,34.92,0
2017-01-14,7,07PML-115,1795.4,1753.47,41.93,0
2017-01-14,8,07PML-115,1552.96,1514.2,38.76,0
2017-01-14,9,07PML-115,1631.64,1587.4,44.24,0
2017-01-14,10,07PML-115,1940.37,1844.66,95.71,0
2017-01-14,11,07PML-115,1885.07,1789.47,95.6,0
2017-01-14,12,07PML-115,2011.72,1907.36,104.36,0
2017-01-14,13,07PML-115,2026.3,1920.8,105.5,0
2017-01-14,14,07PML-115,2026.3,1920.8,105.5,0
2017-01-14,15,07PML-115,2016.21,1911.41,104.8,0
2017-01-14,16,07PML-115,1800.44,1746.09,54.35,0
2017-01-14,17,07PML-115,2019.44,1943.04,76.4,0
2017-01-14,18,07PML-115,1936.58,1876.61,59.98,0
2017-01-14,19,07PML-115,5889.05,5693.1,195.95,0
2017-01-14,20,07PML-115,5889.05,5691.27,197.78,0
2017-01-14,21,07PML-115,2305.53,2231.14,74.39,0
2017-01-14,22,07PML-115,1988.76,1927.19,61.57,0
2017-01-14,23,07PML-115,1957.15,1900.92,56.23,0
2017-01-14,24,07PML-115,1598.5,1556.9,41.6,0
2017-01-14,1,07PUP-115,1591.98,1582.02,9.96,0
2017-01-14,2,07PUP-115,1540.15,1531.71,8.44,0
2017-01-14,3,07PUP-115,1415.74,1410.46,5.28,0
2017-01-14,4,07PUP-115,1521.72,1513.56,8.17,0
2017-01-14,5,07PUP-115,1522.04,1513.95,8.09,0
2017-01-14,6,07PUP-115,1550.75,1541.68,9.07,0
2017-01-14,7,07PUP-115,1765.03,1753.47,11.56,0
2017-01-14,8,07PUP-115,1521.36,1514.2,7.17,0
2017-01-14,9,07PUP-115,1596.28,1587.4,8.88,0
2017-01-14,10,07PUP-115,1854.31,1844.66,9.65,0
2017-01-14,11,07PUP-115,1795.74,1789.47,6.28,0
2017-01-14,12,07PUP-115,1913.84,1907.36,6.48,0
2017-01-14,13,07PUP-115,1927.22,1920.8,6.42,0
2017-01-14,14,07PUP-115,1927.22,1920.8,6.42,0
2017-01-14,15,07PUP-115,1917.86,1911.41,6.46,0
2017-01-14,16,07PUP-115,1754.6,1746.09,8.52,0
2017-01-14,17,07PUP-115,1944.13,1943.04,1.08,0
2017-01-14,18,07PUP-115,1884.83,1876.61,8.23,0
2017-01-14,19,07PUP-115,5889.05,5882.83,6.22,0
2017-01-14,20,07PUP-115,5889.05,5882.26,6.79,0
2017-01-14,21,07PUP-115,2236.73,2231.14,5.59,0
2017-01-14,22,07PUP-115,1933.25,1927.19,6.06,0
2017-01-14,23,07PUP-115,1910.47,1900.92,9.55,0
2017-01-14,24,07PUP-115,1564.22,1556.9,7.32,0
2017-01-14,1,07RCO-115,1591.36,1582.02,9.34,0
2017-01-14,2,07RCO-115,1539.65,1531.71,7.94,0
2017-01-14,3,07RCO-115,1414.93,1410.46,4.47,0
2017-01-14,4,07RCO-115,1521.48,1513.56,7.92,0
2017-01-14,5,07RCO-115,1521.77,1513.95,7.81,0
2017-01-14,6,07RCO-115,1550.55,1541.68,8.87,0
2017-01-14,7,07RCO-115,1764.56,1753.47,11.08,0
2017-01-14,8,07RCO-115,1519.97,1514.2,5.78,0
2017-01-14,9,07RCO-115,1594.37,1587.4,6.97,0
2017-01-14,10,07RCO-115,1850.21,1844.66,5.55,0
2017-01-14,11,07RCO-115,1796.22,1789.47,6.75,0
2017-01-14,12,07RCO-115,1913.96,1907.36,6.6,0
2017-01-14,13,07RCO-115,1927.38,1920.8,6.58,0
2017-01-14,14,07RCO-115,1927.38,1920.8,6.58,0
2017-01-14,15,07RCO-115,1917.97,1911.41,6.56,0
2017-01-14,16,07RCO-115,1751.54,1746.09,5.45,0
2017-01-14,17,07RCO-115,1950.25,1943.04,7.2,0
2017-01-14,18,07RCO-115,1886.36,1876.61,9.76,0
2017-01-14,19,07RCO-115,5889.05,5868.87,20.18,0
2017-01-14,20,07RCO-115,5889.05,5868.18,20.87,0
2017-01-14,21,07RCO-115,2239.62,2231.14,8.47,0
2017-01-14,22,07RCO-115,1933.59,1927.19,6.4,0
2017-01-14,23,07RCO-115,1908.36,1900.92,7.44,0
2017-01-14,24,07RCO-115,1563.57,1556.9,6.67,0
2017-01-14,1,07RFO-115,1604.12,1582.02,22.1,0
2017-01-14,2,07RFO-115,1550.05,1531.71,18.34,0
2017-01-14,3,07RFO-115,1414.22,1410.46,3.76,0
2017-01-14,4,07RFO-115,1534.4,1513.56,20.84,0
2017-01-14,5,07RFO-115,1534.22,1513.95,20.26,0
2017-01-14,6,07RFO-115,1566.08,1541.68,24.4,0
2017-01-14,7,07RFO-115,1784.21,1753.47,30.74,0
2017-01-14,8,07RFO-115,1519.16,1514.2,4.97,0
2017-01-14,9,07RFO-115,1593.73,1587.4,6.33,0
2017-01-14,10,07RFO-115,1842.08,1844.66,-2.58,0
2017-01-14,11,07RFO-115,1806.84,1789.47,17.37,0
2017-01-14,12,07RFO-115,1921.14,1907.36,13.78,0
2017-01-14,13,07RFO-115,1934.37,1920.8,13.57,0
2017-01-14,14,07RFO-115,1934.37,1920.8,13.57,0
2017-01-14,15,07RFO-115,1924.76,1911.41,13.35,0
2017-01-14,16,07RFO-115,1738.15,1746.09,-7.94,0
2017-01-14,17,07RFO-115,1958.52,1943.04,15.48,0
2017-01-14,18,07RFO-115,1893.71,1876.61,17.11,0
2017-01-14,19,07RFO-115,5889.05,5853.52,35.53,0
2017-01-14,20,07RFO-115,5889.05,5852.54,36.51,0
2017-01-14,21,07RFO-115,2240.96,2231.14,9.82,0
2017-01-14,22,07RFO-115,1920.77,1927.19,-6.42,0
2017-01-14,23,07RFO-115,1901.77,1900.92,.85,0
2017-01-14,24,07RFO-115,1565.63,1556.9,8.73,0
2017-01-14,1,07SJC-115,1621.51,1582.02,39.49,0
2017-01-14,2,07SJC-115,1568.36,1531.71,36.65,0
2017-01-14,3,07SJC-115,1443.66,1410.46,33.2,0
2017-01-14,4,07SJC-115,1548.17,1513.56,34.61,0
2017-01-14,5,07SJC-115,1548.69,1513.95,34.74,0
2017-01-14,6,07SJC-115,1577.81,1541.68,36.13,0
2017-01-14,7,07SJC-115,1796.89,1753.47,43.42,0
2017-01-14,8,07SJC-115,1554.35,1514.2,40.16,0
2017-01-14,9,07SJC-115,1633.18,1587.4,45.78,0
2017-01-14,10,07SJC-115,1942.21,1844.66,97.55,0
2017-01-14,11,07SJC-115,1886.85,1789.47,97.38,0
2017-01-14,12,07SJC-115,2013.69,1907.36,106.34,0
2017-01-14,13,07SJC-115,2028.31,1920.8,107.51,0
2017-01-14,14,07SJC-115,2028.31,1920.8,107.51,0
2017-01-14,15,07SJC-115,2018.22,1911.41,106.81,0
2017-01-14,16,07SJC-115,1802.48,1746.09,56.39,0
2017-01-14,17,07SJC-115,2022.29,1943.04,79.25,0
2017-01-14,18,07SJC-115,1938.8,1876.61,62.19,0
2017-01-14,19,07SJC-115,5889.05,5686.17,202.88,0
2017-01-14,20,07SJC-115,5889.05,5684.23,204.82,0
2017-01-14,21,07SJC-115,2308.23,2231.14,77.09,0
2017-01-14,22,07SJC-115,1991,1927.19,63.82,0
2017-01-14,23,07SJC-115,1959.19,1900.92,58.27,0
2017-01-14,24,07SJC-115,1599.93,1556.9,43.04,0
2017-01-14,1,07SNT-115,1614.95,1582.02,32.93,0
2017-01-14,2,07SNT-115,1562.08,1531.71,30.37,0
2017-01-14,3,07SNT-115,1436.03,1410.46,25.57,0
2017-01-14,4,07SNT-115,1542.38,1513.56,28.82,0
2017-01-14,5,07SNT-115,1542.87,1513.95,28.92,0
2017-01-14,6,07SNT-115,1572.57,1541.68,30.89,0
2017-01-14,7,07SNT-115,1791.57,1753.47,38.1,0
2017-01-14,8,07SNT-115,1547.07,1514.2,32.88,0
2017-01-14,9,07SNT-115,1625.43,1587.4,38.03,0
2017-01-14,10,07SNT-115,1907.49,1844.66,62.83,0
2017-01-14,11,07SNT-115,1850.15,1789.47,60.68,0
2017-01-14,12,07SNT-115,1973.2,1907.36,65.84,0
2017-01-14,13,07SNT-115,1987.63,1920.8,66.83,0
2017-01-14,14,07SNT-115,1987.63,1920.8,66.83,0
2017-01-14,15,07SNT-115,1977.79,1911.41,66.39,0
2017-01-14,16,07SNT-115,1789.23,1746.09,43.14,0
2017-01-14,17,07SNT-115,1996.45,1943.04,53.41,0
2017-01-14,18,07SNT-115,1922.98,1876.61,46.37,0
2017-01-14,19,07SNT-115,5889.05,5745.95,143.1,0
2017-01-14,20,07SNT-115,5889.05,5744.89,144.17,0
2017-01-14,21,07SNT-115,2285.88,2231.14,54.74,0
2017-01-14,22,07SNT-115,1973.15,1927.19,45.96,0
2017-01-14,23,07SNT-115,1944.22,1900.92,43.3,0
2017-01-14,24,07SNT-115,1589.24,1556.9,32.34,0
2017-01-14,1,07TCB-115,1625.5,1582.02,43.48,0
2017-01-14,2,07TCB-115,1572.1,1531.71,40.39,0
2017-01-14,3,07TCB-115,1446.95,1410.46,36.48,0
2017-01-14,4,07TCB-115,1551.77,1513.56,38.21,0
2017-01-14,5,07TCB-115,1552.33,1513.95,38.38,0
2017-01-14,6,07TCB-115,1581.45,1541.68,39.77,0
2017-01-14,7,07TCB-115,1801.08,1753.47,47.6,0
2017-01-14,8,07TCB-115,1557.89,1514.2,43.7,0
2017-01-14,9,07TCB-115,1636.98,1587.4,49.58,0
2017-01-14,10,07TCB-115,1946.97,1844.66,102.31,0
2017-01-14,11,07TCB-115,1891.77,1789.47,102.3,0
2017-01-14,12,07TCB-115,2019.15,1907.36,111.79,0
2017-01-14,13,07TCB-115,2033.86,1920.8,113.06,0
2017-01-14,14,07TCB-115,2033.86,1920.8,113.06,0
2017-01-14,15,07TCB-115,2023.72,1911.41,112.31,0
2017-01-14,16,07TCB-115,1807.05,1746.09,60.96,0
2017-01-14,17,07TCB-115,2029.01,1943.04,85.97,0
2017-01-14,18,07TCB-115,1944.27,1876.61,67.67,0
2017-01-14,19,07TCB-115,5889.05,5668.73,220.32,0
2017-01-14,20,07TCB-115,5889.05,5666.51,222.54,0
2017-01-14,21,07TCB-115,2315.6,2231.14,84.45,0
2017-01-14,22,07TCB-115,1997.02,1927.19,69.83,0
2017-01-14,23,07TCB-115,1964.64,1900.92,63.72,0
2017-01-14,24,07TCB-115,1604.14,1556.9,47.24,0
2017-01-14,1,07VIO-115,1604.01,1582.02,21.99,0
2017-01-14,2,07VIO-115,1540.36,1531.71,8.65,0
2017-01-14,3,07VIO-115,1375.77,1410.46,-34.7,0
2017-01-14,4,07VIO-115,1533.76,1513.56,20.2,0
2017-01-14,5,07VIO-115,1533.82,1513.95,19.87,0
2017-01-14,6,07VIO-115,1570.22,1541.68,28.55,0
2017-01-14,7,07VIO-115,1791.41,1753.47,37.94,0
2017-01-14,8,07VIO-115,1483.09,1514.2,-31.11,0
2017-01-14,9,07VIO-115,1564.03,1587.4,-23.37,0
2017-01-14,10,07VIO-115,1786.33,1844.66,-58.33,0
2017-01-14,11,07VIO-115,1797.4,1789.47,7.94,0
2017-01-14,12,07VIO-115,1899.48,1907.36,-7.88,0
2017-01-14,13,07VIO-115,1910.49,1920.8,-10.31,0
2017-01-14,14,07VIO-115,1910.49,1920.8,-10.31,0
2017-01-14,15,07VIO-115,1899.83,1911.41,-11.57,0
2017-01-14,16,07VIO-115,1659.23,1746.09,-86.86,0
2017-01-14,17,07VIO-115,1932.34,1943.04,-10.7,0
2017-01-14,18,07VIO-115,1868.53,1876.61,-8.08,0
2017-01-14,19,07VIO-115,5889.05,5977.21,-88.16,0
2017-01-14,20,07VIO-115,5889.05,5976.59,-87.54,0
2017-01-14,21,07VIO-115,2183.74,2231.14,-47.4,0
2017-01-14,22,07VIO-115,1823.1,1927.19,-104.09,0
2017-01-14,23,07VIO-115,1831.28,1900.92,-69.64,0
2017-01-14,24,07VIO-115,1533.05,1556.9,-23.85,0
2017-01-15,1,07BLE-115,1568.08,1558.97,9.11,0
2017-01-15,2,07BLE-115,1527.46,1518.91,8.55,0
2017-01-15,3,07BLE-115,1516.29,1508.33,7.96,0
2017-01-15,4,07BLE-115,1496.59,1488.88,7.71,0
2017-01-15,5,07BLE-115,1496.23,1488.54,7.7,0
2017-01-15,6,07BLE-115,1508.47,1500.49,7.98,0
2017-01-15,7,07BLE-115,1524.65,1516.28,8.37,0
2017-01-15,8,07BLE-115,1539.94,1531.54,8.39,0
2017-01-15,9,07BLE-115,1585.86,1576.92,8.94,0
2017-01-15,10,07BLE-115,1563.8,1558.77,5.03,0
2017-01-15,11,07BLE-115,1856.41,1851.12,5.29,0
2017-01-15,12,07BLE-115,1895.08,1889.74,5.34,0
2017-01-15,13,07BLE-115,1862.3,1857.12,5.18,0
2017-01-15,14,07BLE-115,1865.12,1859.94,5.18,0
2017-01-15,15,07BLE-115,1861.87,1856.58,5.29,0
2017-01-15,16,07BLE-115,1788.34,1781.82,6.53,0
2017-01-15,17,07BLE-115,2259.53,2246.9,12.64,0
2017-01-15,18,07BLE-115,1862.69,1846.3,16.39,0
2017-01-15,19,07BLE-115,5889.05,5876.72,12.33,0
2017-01-15,20,07BLE-115,1928.23,1921.65,6.59,0
2017-01-15,21,07BLE-115,2005.89,1997.58,8.31,0
2017-01-15,22,07BLE-115,1930.33,1921.21,9.12,0
2017-01-15,23,07BLE-115,1589.83,1581.32,8.52,0
2017-01-15,24,07BLE-115,1566.63,1557.19,9.45,0
2017-01-15,1,07CAB-115,1602.36,1558.97,43.4,0
2017-01-15,2,07CAB-115,1559.46,1518.91,40.56,0
2017-01-15,3,07CAB-115,1547.53,1508.33,39.19,0
2017-01-15,4,07CAB-115,1526.5,1488.88,37.62,0
2017-01-15,5,07CAB-115,1525.94,1488.54,37.41,0
2017-01-15,6,07CAB-115,1538.86,1500.49,38.36,0
2017-01-15,7,07CAB-115,1556.16,1516.28,39.88,0
2017-01-15,8,07CAB-115,1573.3,1531.54,41.75,0
2017-01-15,9,07CAB-115,1622.54,1576.92,45.63,0
2017-01-15,10,07CAB-115,1639.37,1558.77,80.61,0
2017-01-15,11,07CAB-115,1949.97,1851.12,98.85,0
2017-01-15,12,07CAB-115,1991.05,1889.74,101.31,0
2017-01-15,13,07CAB-115,1957.16,1857.12,100.04,0
2017-01-15,14,07CAB-115,1960.29,1859.94,100.35,0
2017-01-15,15,07CAB-115,1956.4,1856.58,99.82,0
2017-01-15,16,07CAB-115,1838.67,1781.82,56.86,0
2017-01-15,17,07CAB-115,2337.77,2246.9,90.87,0
2017-01-15,18,07CAB-115,1907.39,1846.3,61.09,0
2017-01-15,19,07CAB-115,5889.05,5684.76,204.29,0
2017-01-15,20,07CAB-115,1990.79,1921.65,69.14,0
2017-01-15,21,07CAB-115,2068.44,1997.58,70.86,0
2017-01-15,22,07CAB-115,1985.16,1921.21,63.95,0
2017-01-15,23,07CAB-115,1629.55,1581.32,48.23,0
2017-01-15,24,07CAB-115,1600.1,1557.19,42.92,0
2017-01-15,1,07CAD-115,1602.22,1558.97,43.25,0
2017-01-15,2,07CAD-115,1559.33,1518.91,40.42,0
2017-01-15,3,07CAD-115,1547.39,1508.33,39.05,0
2017-01-15,4,07CAD-115,1526.35,1488.88,37.47,0
2017-01-15,5,07CAD-115,1525.8,1488.54,37.27,0
2017-01-15,6,07CAD-115,1538.69,1500.49,38.2,0
2017-01-15,7,07CAD-115,1555.96,1516.28,39.69,0
2017-01-15,8,07CAD-115,1573.04,1531.54,41.49,0
2017-01-15,9,07CAD-115,1622.23,1576.92,45.31,0
2017-01-15,10,07CAD-115,1639.04,1558.77,80.28,0
2017-01-15,11,07CAD-115,1949.59,1851.12,98.47,0
2017-01-15,12,07CAD-115,1990.72,1889.74,100.98,0
2017-01-15,13,07CAD-115,1956.85,1857.12,99.73,0
2017-01-15,14,07CAD-115,1960,1859.94,100.06,0
2017-01-15,15,07CAD-115,1956.14,1856.58,99.56,0
2017-01-15,16,07CAD-115,1838.37,1781.82,56.56,0
2017-01-15,17,07CAD-115,2337.35,2246.9,90.46,0
2017-01-15,18,07CAD-115,1907.14,1846.3,60.85,0
2017-01-15,19,07CAD-115,5889.05,5685.27,203.78,0
2017-01-15,20,07CAD-115,1990.67,1921.65,69.03,0
2017-01-15,21,07CAD-115,2068.33,1997.58,70.75,0
2017-01-15,22,07CAD-115,1985.06,1921.21,63.85,0
2017-01-15,23,07CAD-115,1629.47,1581.32,48.15,0
2017-01-15,24,07CAD-115,1600,1557.19,42.82,0
2017-01-15,1,07CAF-115,1602.91,1558.97,43.94,0
2017-01-15,2,07CAF-115,1559.96,1518.91,41.06,0
2017-01-15,3,07CAF-115,1547.99,1508.33,39.66,0
2017-01-15,4,07CAF-115,1526.92,1488.88,38.05,0
2017-01-15,5,07CAF-115,1526.38,1488.54,37.84,0
2017-01-15,6,07CAF-115,1539.28,1500.49,38.79,0
2017-01-15,7,07CAF-115,1556.56,1516.28,40.29,0
2017-01-15,8,07CAF-115,1573.63,1531.54,42.09,0
2017-01-15,9,07CAF-115,1622.87,1576.92,45.95,0
2017-01-15,10,07CAF-115,1639.7,1558.77,80.94,0
2017-01-15,11,07CAF-115,1950.4,1851.12,99.28,0
2017-01-15,12,07CAF-115,1991.55,1889.74,101.81,0
2017-01-15,13,07CAF-115,1957.68,1857.12,100.56,0
2017-01-15,14,07CAF-115,1960.84,1859.94,100.9,0
2017-01-15,15,07CAF-115,1956.99,1856.58,100.41,0
2017-01-15,16,07CAF-115,1839.16,1781.82,57.34,0
2017-01-15,17,07CAF-115,2338.6,2246.9,91.7,0
2017-01-15,18,07CAF-115,1907.99,1846.3,61.7,0
2017-01-15,19,07CAF-115,5889.05,5682.35,206.7,0
2017-01-15,20,07CAF-115,1991.74,1921.65,70.1,0
2017-01-15,21,07CAF-115,2069.45,1997.58,71.86,0
2017-01-15,22,07CAF-115,1986.08,1921.21,64.88,0
2017-01-15,23,07CAF-115,1630.24,1581.32,48.93,0
2017-01-15,24,07CAF-115,1600.69,1557.19,43.5,0
2017-01-15,1,07CAS-115,1598.86,1558.97,39.89,0
2017-01-15,2,07CAS-115,1556.18,1518.91,37.28,0
2017-01-15,3,07CAS-115,1544.37,1508.33,36.03,0
2017-01-15,4,07CAS-115,1523.45,1488.88,34.57,0
2017-01-15,5,07CAS-115,1522.93,1488.54,34.39,0
2017-01-15,6,07CAS-115,1535.77,1500.49,35.28,0
2017-01-15,7,07CAS-115,1552.92,1516.28,36.65,0
2017-01-15,8,07CAS-115,1569.91,1531.54,38.36,0
2017-01-15,9,07CAS-115,1618.87,1576.92,41.95,0
2017-01-15,10,07CAS-115,1635.56,1558.77,76.8,0
2017-01-15,11,07CAS-115,1945.3,1851.12,94.18,0
2017-01-15,12,07CAS-115,1986.26,1889.74,96.52,0
2017-01-15,13,07CAS-115,1952.43,1857.12,95.3,0
2017-01-15,14,07CAS-115,1955.48,1859.94,95.54,0
2017-01-15,15,07CAS-115,1951.54,1856.58,94.96,0
2017-01-15,16,07CAS-115,1834.08,1781.82,52.26,0
2017-01-15,17,07CAS-115,2330.41,2246.9,83.51,0
2017-01-15,18,07CAS-115,1902.41,1846.3,56.12,0
2017-01-15,19,07CAS-115,5889.05,5700.66,188.39,0
2017-01-15,20,07CAS-115,1985.17,1921.65,63.52,0
2017-01-15,21,07CAS-115,2062.67,1997.58,65.08,0
2017-01-15,22,07CAS-115,1979.92,1921.21,58.72,0
2017-01-15,23,07CAS-115,1625.63,1581.32,44.31,0
2017-01-15,24,07CAS-115,1596.62,1557.19,39.43,0
2017-01-15,1,07COR-230,1552.9,1558.97,-6.07,0
2017-01-15,2,07COR-230,1513.25,1518.91,-5.66,0
2017-01-15,3,07COR-230,1502.93,1508.33,-5.4,0
2017-01-15,4,07COR-230,1483.69,1488.88,-5.19,0
2017-01-15,5,07COR-230,1483.36,1488.54,-5.17,0
2017-01-15,6,07COR-230,1495.17,1500.49,-5.33,0
2017-01-15,7,07COR-230,1510.71,1516.28,-5.56,0
2017-01-15,8,07COR-230,1525.77,1531.54,-5.78,0
2017-01-15,9,07COR-230,1570.61,1576.92,-6.3,0
2017-01-15,10,07COR-230,1552.8,1558.77,-5.97,0
2017-01-15,11,07COR-230,1843.99,1851.12,-7.14,0
2017-01-15,12,07COR-230,1882.47,1889.74,-7.28,0
2017-01-15,13,07COR-230,1849.97,1857.12,-7.16,0
2017-01-15,14,07COR-230,1852.78,1859.94,-7.16,0
2017-01-15,15,07COR-230,1849.44,1856.58,-7.14,0
2017-01-15,16,07COR-230,1774.96,1781.82,-6.86,0
2017-01-15,17,07COR-230,2236.91,2246.9,-9.98,0
2017-01-15,18,07COR-230,1839.18,1846.3,-7.12,0
2017-01-15,19,07COR-230,5889.05,5904.69,-15.64,0
2017-01-15,20,07COR-230,1916,1921.65,-5.64,0
2017-01-15,21,07COR-230,1991.61,1997.58,-5.97,0
2017-01-15,22,07COR-230,1915.54,1921.21,-5.67,0
2017-01-15,23,07COR-230,1576.83,1581.32,-4.48,0
2017-01-15,24,07COR-230,1552.95,1557.19,-4.24,0
2017-01-15,1,07CRE-115,1594.93,1558.97,35.96,0
2017-01-15,2,07CRE-115,1552.49,1518.91,33.58,0
2017-01-15,3,07CRE-115,1540.78,1508.33,32.45,0
2017-01-15,4,07CRE-115,1519.98,1488.88,31.1,0
2017-01-15,5,07CRE-115,1519.49,1488.54,30.96,0
2017-01-15,6,07CRE-115,1532.27,1500.49,31.78,0
2017-01-15,7,07CRE-115,1549.36,1516.28,33.09,0
2017-01-15,8,07CRE-115,1566.23,1531.54,34.69,0
2017-01-15,9,07CRE-115,1614.92,1576.92,38.01,0
2017-01-15,10,07CRE-115,1631.43,1558.77,72.66,0
2017-01-15,11,07CRE-115,1940.3,1851.12,89.18,0
2017-01-15,12,07CRE-115,1981.08,1889.74,91.34,0
2017-01-15,13,07CRE-115,1947.22,1857.12,90.09,0
2017-01-15,14,07CRE-115,1950.21,1859.94,90.27,0
2017-01-15,15,07CRE-115,1946.3,1856.58,89.72,0
2017-01-15,16,07CRE-115,1829.15,1781.82,47.34,0
2017-01-15,17,07CRE-115,2322.51,2246.9,75.61,0
2017-01-15,18,07CRE-115,1897.19,1846.3,50.9,0
2017-01-15,19,07CRE-115,5889.05,5717.32,171.73,0
2017-01-15,20,07CRE-115,1979.34,1921.65,57.7,0
2017-01-15,21,07CRE-115,2056.66,1997.58,59.08,0
2017-01-15,22,07CRE-115,1974.37,1921.21,53.17,0
2017-01-15,23,07CRE-115,1621.4,1581.32,40.08,0
2017-01-15,24,07CRE-115,1592.8,1557.19,35.62,0
2017-01-15,1,07DLC-115,1602.66,1558.97,43.69,0
2017-01-15,2,07DLC-115,1559.74,1518.91,40.84,0
2017-01-15,3,07DLC-115,1547.8,1508.33,39.46,0
2017-01-15,4,07DLC-115,1526.75,1488.88,37.87,0
2017-01-15,5,07DLC-115,1526.2,1488.54,37.67,0
2017-01-15,6,07DLC-115,1539.1,1500.49,38.6,0
2017-01-15,7,07DLC-115,1556.37,1516.28,40.1,0
2017-01-15,8,07DLC-115,1573.45,1531.54,41.9,0
2017-01-15,9,07DLC-115,1622.66,1576.92,45.74,0
2017-01-15,10,07DLC-115,1639.47,1558.77,80.71,0
2017-01-15,11,07DLC-115,1950.11,1851.12,98.99,0
2017-01-15,12,07DLC-115,1991.25,1889.74,101.51,0
2017-01-15,13,07DLC-115,1957.37,1857.12,100.25,0
2017-01-15,14,07DLC-115,1960.53,1859.94,100.59,0
2017-01-15,15,07DLC-115,1956.67,1856.58,100.09,0
2017-01-15,16,07DLC-115,1838.88,1781.82,57.06,0
2017-01-15,17,07DLC-115,2338.15,2246.9,91.26,0
2017-01-15,18,07DLC-115,1907.67,1846.3,61.38,0
2017-01-15,19,07DLC-115,5889.05,5683.59,205.47,0
2017-01-15,20,07DLC-115,1991.27,1921.65,69.63,0
2017-01-15,21,07DLC-115,2068.96,1997.58,71.37,0
2017-01-15,22,07DLC-115,1985.64,1921.21,64.44,0
2017-01-15,23,07DLC-115,1629.93,1581.32,48.62,0
2017-01-15,24,07DLC-115,1600.44,1557.19,43.25,0
2017-01-15,1,07DOM-115,1580.23,1558.97,21.26,0
2017-01-15,2,07DOM-115,1538.03,1518.91,19.12,0
2017-01-15,3,07DOM-115,1524.93,1508.33,16.6,0
2017-01-15,4,07DOM-115,1504.74,1488.88,15.87,0
2017-01-15,5,07DOM-115,1504,1488.54,15.46,0
2017-01-15,6,07DOM-115,1516.94,1500.49,16.45,0
2017-01-15,7,07DOM-115,1533.36,1516.28,17.08,0
2017-01-15,8,07DOM-115,1552.34,1531.54,20.8,0
2017-01-15,9,07DOM-115,1603.89,1576.92,26.97,0
2017-01-15,10,07DOM-115,1505.21,1558.77,-53.56,0
2017-01-15,11,07DOM-115,1752.77,1851.12,-98.35,0
2017-01-15,12,07DOM-115,1783.7,1889.74,-106.04,0
2017-01-15,13,07DOM-115,1753.92,1857.12,-103.21,0
2017-01-15,14,07DOM-115,1754.11,1859.94,-105.83,0
2017-01-15,15,07DOM-115,1752.62,1856.58,-103.96,0
2017-01-15,16,07DOM-115,1692.98,1781.82,-88.84,0
2017-01-15,17,07DOM-115,2255.96,2246.9,9.06,0
2017-01-15,18,07DOM-115,1833.36,1846.3,-12.94,0
2017-01-15,19,07DOM-115,5889.05,6381.11,-492.06,0
2017-01-15,20,07DOM-115,1814.17,1921.65,-107.47,0
2017-01-15,21,07DOM-115,1876.6,1997.58,-120.99,0
2017-01-15,22,07DOM-115,1869.54,1921.21,-51.67,0
2017-01-15,23,07DOM-115,1566.69,1581.32,-14.63,0
2017-01-15,24,07DOM-115,1580.87,1557.19,23.69,0
2017-01-15,1,07ELP-230,1586.96,1558.97,27.99,0
2017-01-15,2,07ELP-230,1545.05,1518.91,26.14,0
2017-01-15,3,07ELP-230,1533.59,1508.33,25.25,0
2017-01-15,4,07ELP-230,1513.09,1488.88,24.21,0
2017-01-15,5,07ELP-230,1512.64,1488.54,24.1,0
2017-01-15,6,07ELP-230,1525.23,1500.49,24.74,0
2017-01-15,7,07ELP-230,1542.02,1516.28,25.75,0
2017-01-15,8,07ELP-230,1558.51,1531.54,26.97,0
2017-01-15,9,07ELP-230,1606.44,1576.92,29.52,0
2017-01-15,10,07ELP-230,1621.8,1558.77,63.03,0
2017-01-15,11,07ELP-230,1928.45,1851.12,77.33,0
2017-01-15,12,07ELP-230,1968.96,1889.74,79.22,0
2017-01-15,13,07ELP-230,1935.28,1857.12,78.16,0
2017-01-15,14,07ELP-230,1938.28,1859.94,78.34,0
2017-01-15,15,07ELP-230,1934.45,1856.58,77.87,0
2017-01-15,16,07ELP-230,1818.51,1781.82,36.69,0
2017-01-15,17,07ELP-230,2305.4,2246.9,58.5,0
2017-01-15,18,07ELP-230,1885.78,1846.3,39.49,0
2017-01-15,19,07ELP-230,5889.05,5755.39,133.67,0
2017-01-15,20,07ELP-230,1966.34,1921.65,44.69,0
2017-01-15,21,07ELP-230,2043.39,1997.58,45.81,0
2017-01-15,22,07ELP-230,1962.49,1921.21,41.29,0
2017-01-15,23,07ELP-230,1612.47,1581.32,31.16,0
2017-01-15,24,07ELP-230,1584.91,1557.19,27.72,0
2017-01-15,1,07ETR-115,1577.86,1558.97,18.89,0
2017-01-15,2,07ETR-115,1536.51,1518.91,17.61,0
2017-01-15,3,07ETR-115,1525.01,1508.33,16.67,0
2017-01-15,4,07ETR-115,1505.04,1488.88,16.17,0
2017-01-15,5,07ETR-115,1505.12,1488.54,16.59,0
2017-01-15,6,07ETR-115,1518.08,1500.49,17.59,0
2017-01-15,7,07ETR-115,1535.08,1516.28,18.8,0
2017-01-15,8,07ETR-115,1551.11,1531.54,19.57,0
2017-01-15,9,07ETR-115,1598.42,1576.92,21.5,0
2017-01-15,10,07ETR-115,1585.67,1558.77,26.9,0
2017-01-15,11,07ETR-115,1884.44,1851.12,33.32,0
2017-01-15,12,07ETR-115,1923.23,1889.74,33.49,0
2017-01-15,13,07ETR-115,1889.72,1857.12,32.59,0
2017-01-15,14,07ETR-115,1892.01,1859.94,32.07,0
2017-01-15,15,07ETR-115,1887.84,1856.58,31.25,0
2017-01-15,16,07ETR-115,1806.45,1781.82,24.63,0
2017-01-15,17,07ETR-115,2276.51,2246.9,29.62,0
2017-01-15,18,07ETR-115,1879.47,1846.3,33.18,0
2017-01-15,19,07ETR-115,5889.05,5813.04,76.01,0
2017-01-15,20,07ETR-115,1947.97,1921.65,26.32,0
2017-01-15,21,07ETR-115,2026.14,1997.58,28.56,0
2017-01-15,22,07ETR-115,1946.69,1921.21,25.48,0
2017-01-15,23,07ETR-115,1601.6,1581.32,20.28,0
2017-01-15,24,07ETR-115,1576.43,1557.19,19.24,0
2017-01-15,1,07GAO-115,1555.29,1558.97,-3.68,0
2017-01-15,2,07GAO-115,1513.83,1518.91,-5.08,0
2017-01-15,3,07GAO-115,1501.17,1508.33,-7.16,0
2017-01-15,4,07GAO-115,1481.64,1488.88,-7.23,0
2017-01-15,5,07GAO-115,1481.06,1488.54,-7.48,0
2017-01-15,6,07GAO-115,1493.67,1500.49,-6.82,0
2017-01-15,7,07GAO-115,1509.31,1516.28,-6.96,0
2017-01-15,8,07GAO-115,1527.73,1531.54,-3.81,0
2017-01-15,9,07GAO-115,1578.06,1576.92,1.14,0
2017-01-15,10,07GAO-115,1464.16,1558.77,-94.61,0
2017-01-15,11,07GAO-115,1695.81,1851.12,-155.31,0
2017-01-15,12,07GAO-115,1723.73,1889.74,-166.01,0
2017-01-15,13,07GAO-115,1695.45,1857.12,-161.67,0
2017-01-15,14,07GAO-115,1695.6,1859.94,-164.34,0
2017-01-15,15,07GAO-115,1695.7,1856.58,-160.88,0
2017-01-15,16,07GAO-115,1639.99,1781.82,-141.83,0
2017-01-15,17,07GAO-115,2180.14,2246.9,-66.76,0
2017-01-15,18,07GAO-115,1774.34,1846.3,-71.95,0
2017-01-15,19,07GAO-115,5889.05,6635.72,-746.67,0
2017-01-15,20,07GAO-115,1752.58,1921.65,-169.07,0
2017-01-15,21,07GAO-115,1811.2,1997.58,-186.38,0
2017-01-15,22,07GAO-115,1820.31,1921.21,-100.9,0
2017-01-15,23,07GAO-115,1532.75,1581.32,-48.56,0
2017-01-15,24,07GAO-115,1555.85,1557.19,-1.34,0
2017-01-15,1,07INS-115,1579.02,1558.97,20.05,0
2017-01-15,2,07INS-115,1536.85,1518.91,17.95,0
2017-01-15,3,07INS-115,1523.79,1508.33,15.46,0
2017-01-15,4,07INS-115,1503.68,1488.88,14.8,0
2017-01-15,5,07INS-115,1502.93,1488.54,14.4,0
2017-01-15,6,07INS-115,1515.85,1500.49,15.36,0
2017-01-15,7,07INS-115,1532.23,1516.28,15.96,0
2017-01-15,8,07INS-115,1551.18,1531.54,19.63,0
2017-01-15,9,07INS-115,1602.57,1576.92,25.66,0
2017-01-15,10,07INS-115,1503.79,1558.77,-54.97,0
2017-01-15,11,07INS-115,1750.95,1851.12,-100.17,0
2017-01-15,12,07INS-115,1781.75,1889.74,-107.99,0
2017-01-15,13,07INS-115,1752.02,1857.12,-105.11,0
2017-01-15,14,07INS-115,1752.27,1859.94,-107.67,0
2017-01-15,15,07INS-115,1750.89,1856.58,-105.69,0
2017-01-15,16,07INS-115,1691.34,1781.82,-90.48,0
2017-01-15,17,07INS-115,2252.99,2246.9,6.09,0
2017-01-15,18,07INS-115,1831.71,1846.3,-14.59,0
2017-01-15,19,07INS-115,5889.05,6387.37,-498.32,0
2017-01-15,20,07INS-115,1812.39,1921.65,-109.26,0
2017-01-15,21,07INS-115,1874.77,1997.58,-122.81,0
2017-01-15,22,07INS-115,1867.84,1921.21,-53.36,0
2017-01-15,23,07INS-115,1565.35,1581.32,-15.96,0
2017-01-15,24,07INS-115,1579.63,1557.19,22.44,0
2017-01-15,1,07LAP-115,1570.56,1558.97,11.59,0
2017-01-15,2,07LAP-115,1529.43,1518.91,10.52,0
2017-01-15,3,07LAP-115,1516.97,1508.33,8.64,0
2017-01-15,4,07LAP-115,1497.31,1488.88,8.43,0
2017-01-15,5,07LAP-115,1496.78,1488.54,8.25,0
2017-01-15,6,07LAP-115,1509.49,1500.49,9,0
2017-01-15,7,07LAP-115,1525.58,1516.28,9.31,0
2017-01-15,8,07LAP-115,1542.84,1531.54,11.3,0
2017-01-15,9,07LAP-115,1591.44,1576.92,14.52,0
2017-01-15,10,07LAP-115,1515.5,1558.77,-43.26,0
2017-01-15,11,07LAP-115,1775.33,1851.12,-75.8,0
2017-01-15,12,07LAP-115,1808.63,1889.74,-81.11,0
2017-01-15,13,07LAP-115,1778.03,1857.12,-79.09,0
2017-01-15,14,07LAP-115,1779.4,1859.94,-80.54,0
2017-01-15,15,07LAP-115,1777.83,1856.58,-78.75,0
2017-01-15,16,07LAP-115,1714.12,1781.82,-67.7,0
2017-01-15,17,07LAP-115,2242.35,2246.9,-4.55,0
2017-01-15,18,07LAP-115,1834.37,1846.3,-11.93,0
2017-01-15,19,07LAP-115,5889.05,6247.67,-358.62,0
2017-01-15,20,07LAP-115,1839.99,1921.65,-81.66,0
2017-01-15,21,07LAP-115,1907.44,1997.58,-90.15,0
2017-01-15,22,07LAP-115,1879.94,1921.21,-41.27,0
2017-01-15,23,07LAP-115,1567.61,1581.32,-13.71,0
2017-01-15,24,07LAP-115,1570.57,1557.19,13.38,0
2017-01-15,1,07LPZ-115,1570.97,1558.97,12,0
2017-01-15,2,07LPZ-115,1530.05,1518.91,11.14,0
2017-01-15,3,07LPZ-115,1518.76,1508.33,10.43,0
2017-01-15,4,07LPZ-115,1498.92,1488.88,10.04,0
2017-01-15,5,07LPZ-115,1498.55,1488.54,10.01,0
2017-01-15,6,07LPZ-115,1510.82,1500.49,10.33,0
2017-01-15,7,07LPZ-115,1527.17,1516.28,10.89,0
2017-01-15,8,07LPZ-115,1542.6,1531.54,11.06,0
2017-01-15,9,07LPZ-115,1588.87,1576.92,11.95,0
2017-01-15,10,07LPZ-115,1568.53,1558.77,9.76,0
2017-01-15,11,07LPZ-115,1862.75,1851.12,11.63,0
2017-01-15,12,07LPZ-115,1901.55,1889.74,11.8,0
2017-01-15,13,07LPZ-115,1868.62,1857.12,11.49,0
2017-01-15,14,07LPZ-115,1871.38,1859.94,11.44,0
2017-01-15,15,07LPZ-115,1868.01,1856.58,11.43,0
2017-01-15,16,07LPZ-115,1793.77,1781.82,11.95,0
2017-01-15,17,07LPZ-115,2263.57,2246.9,16.67,0
2017-01-15,18,07LPZ-115,1868.14,1846.3,21.84,0
2017-01-15,19,07LPZ-115,5889.05,5857.68,31.38,0
2017-01-15,20,07LPZ-115,1934.16,1921.65,12.52,0
2017-01-15,21,07LPZ-115,2012.45,1997.58,14.87,0
2017-01-15,22,07LPZ-115,1935.33,1921.21,14.12,0
2017-01-15,23,07LPZ-115,1593.4,1581.32,12.08,0
2017-01-15,24,07LPZ-115,1569.53,1557.19,12.34,0
2017-01-15,1,07LRO-115,1594.92,1558.97,35.95,0
2017-01-15,2,07LRO-115,1551.73,1518.91,32.82,0
2017-01-15,3,07LRO-115,1538.11,1508.33,29.77,0
2017-01-15,4,07LRO-115,1517.52,1488.88,28.64,0
2017-01-15,5,07LRO-115,1516.09,1488.54,27.56,0
2017-01-15,6,07LRO-115,1529.1,1500.49,28.61,0
2017-01-15,7,07LRO-115,1546.51,1516.28,30.23,0
2017-01-15,8,07LRO-115,1567.02,1531.54,35.47,0
2017-01-15,9,07LRO-115,1619.94,1576.92,43.03,0
2017-01-15,10,07LRO-115,1521.63,1558.77,-37.14,0
2017-01-15,11,07LRO-115,1772.16,1851.12,-78.96,0
2017-01-15,12,07LRO-115,1803.21,1889.74,-86.53,0
2017-01-15,13,07LRO-115,1773.28,1857.12,-83.84,0
2017-01-15,14,07LRO-115,1773.12,1859.94,-86.82,0
2017-01-15,15,07LRO-115,1770.91,1856.58,-85.67,0
2017-01-15,16,07LRO-115,1710.9,1781.82,-70.92,0
2017-01-15,17,07LRO-115,2293.12,2246.9,46.22,0
2017-01-15,18,07LRO-115,1852.84,1846.3,6.55,0
2017-01-15,19,07LRO-115,5889.05,6297.26,-408.21,0
2017-01-15,20,07LRO-115,1838.33,1921.65,-83.32,0
2017-01-15,21,07LRO-115,1901.27,1997.58,-96.32,0
2017-01-15,22,07LRO-115,1892.04,1921.21,-29.17,0
2017-01-15,23,07LRO-115,1583.81,1581.32,2.49,0
2017-01-15,24,07LRO-115,1596.28,1557.19,39.09,0
2017-01-15,1,07OLA-115,1562.15,1558.97,3.19,0
2017-01-15,2,07OLA-115,1521.88,1518.91,2.97,0
2017-01-15,3,07OLA-115,1511.03,1508.33,2.7,0
2017-01-15,4,07OLA-115,1491.49,1488.88,2.62,0
2017-01-15,5,07OLA-115,1491.16,1488.54,2.62,0
2017-01-15,6,07OLA-115,1503.24,1500.49,2.74,0
2017-01-15,7,07OLA-115,1519.19,1516.28,2.91,0
2017-01-15,8,07OLA-115,1534.45,1531.54,2.9,0
2017-01-15,9,07OLA-115,1580.04,1576.92,3.12,0
2017-01-15,10,07OLA-115,1559.14,1558.77,.37,0
2017-01-15,11,07OLA-115,1851.08,1851.12,-.04,0
2017-01-15,12,07OLA-115,1889.61,1889.74,-.13,0
2017-01-15,13,07OLA-115,1856.94,1857.12,-.19,0
2017-01-15,14,07OLA-115,1859.72,1859.94,-.22,0
2017-01-15,15,07OLA-115,1856.42,1856.58,-.17,0
2017-01-15,16,07OLA-115,1783.07,1781.82,1.26,0
2017-01-15,17,07OLA-115,2250.66,2246.9,3.76,0
2017-01-15,18,07OLA-115,1854.25,1846.3,7.95,0
2017-01-15,19,07OLA-115,5889.05,5892.03,-2.98,0
2017-01-15,20,07OLA-115,1922.08,1921.65,.43,0
2017-01-15,21,07OLA-115,1998.65,1997.58,1.07,0
2017-01-15,22,07OLA-115,1923.3,1921.21,2.09,0
2017-01-15,23,07OLA-115,1583.84,1581.32,2.53,0
2017-01-15,24,07OLA-115,1560.55,1557.19,3.37,0
2017-01-15,1,07PAA-115,1569.08,1558.97,10.11,0
2017-01-15,2,07PAA-115,1528.28,1518.91,9.38,0
2017-01-15,3,07PAA-115,1517.04,1508.33,8.71,0
2017-01-15,4,07PAA-115,1497.27,1488.88,8.39,0
2017-01-15,5,07PAA-115,1496.93,1488.54,8.4,0
2017-01-15,6,07PAA-115,1509.21,1500.49,8.72,0
2017-01-15,7,07PAA-115,1525.53,1516.28,9.26,0
2017-01-15,8,07PAA-115,1540.89,1531.54,9.34,0
2017-01-15,9,07PAA-115,1587.08,1576.92,10.16,0
2017-01-15,10,07PAA-115,1567.68,1558.77,8.91,0
2017-01-15,11,07PAA-115,1862.1,1851.12,10.97,0
2017-01-15,12,07PAA-115,1900.8,1889.74,11.06,0
2017-01-15,13,07PAA-115,1867.81,1857.12,10.69,0
2017-01-15,14,07PAA-115,1870.59,1859.94,10.65,0
2017-01-15,15,07PAA-115,1867.19,1856.58,10.61,0
2017-01-15,16,07PAA-115,1792.65,1781.82,10.84,0
2017-01-15,17,07PAA-115,2258.89,2246.9,11.99,0
2017-01-15,18,07PAA-115,1866.53,1846.3,20.23,0
2017-01-15,19,07PAA-115,5889.05,5864.13,24.92,0
2017-01-15,20,07PAA-115,1931.7,1921.65,10.05,0
2017-01-15,21,07PAA-115,2009.4,1997.58,11.81,0
2017-01-15,22,07PAA-115,1932.69,1921.21,11.48,0
2017-01-15,23,07PAA-115,1591.34,1581.32,10.03,0
2017-01-15,24,07PAA-115,1567.55,1557.19,10.36,0
2017-01-15,1,07PES-115,1592.57,1558.97,33.61,0
2017-01-15,2,07PES-115,1549.54,1518.91,30.63,0
2017-01-15,3,07PES-115,1536.01,1508.33,27.68,0
2017-01-15,4,07PES-115,1515.5,1488.88,26.62,0
2017-01-15,5,07PES-115,1514.19,1488.54,25.65,0
2017-01-15,6,07PES-115,1527.2,1500.49,26.7,0
2017-01-15,7,07PES-115,1544.46,1516.28,28.19,0
2017-01-15,8,07PES-115,1564.74,1531.54,33.2,0
2017-01-15,9,07PES-115,1617.44,1576.92,40.52,0
2017-01-15,10,07PES-115,1519.06,1558.77,-39.71,0
2017-01-15,11,07PES-115,1769.08,1851.12,-82.04,0
2017-01-15,12,07PES-115,1800.1,1889.74,-89.64,0
2017-01-15,13,07PES-115,1770.21,1857.12,-86.91,0
2017-01-15,14,07PES-115,1770.1,1859.94,-89.84,0
2017-01-15,15,07PES-115,1768.02,1856.58,-88.57,0
2017-01-15,16,07PES-115,1708.06,1781.82,-73.76,0
2017-01-15,17,07PES-115,2287.28,2246.9,40.38,0
2017-01-15,18,07PES-115,1849.77,1846.3,3.47,0
2017-01-15,19,07PES-115,5889.05,6310.65,-421.6,0
2017-01-15,20,07PES-115,1834.42,1921.65,-87.23,0
2017-01-15,21,07PES-115,1897.27,1997.58,-100.32,0
2017-01-15,22,07PES-115,1888.4,1921.21,-32.81,0
2017-01-15,23,07PES-115,1581.08,1581.32,-.23,0
2017-01-15,24,07PES-115,1593.86,1557.19,36.67,0
2017-01-15,1,07PML-115,1597.45,1558.97,38.49,0
2017-01-15,2,07PML-115,1554.81,1518.91,35.9,0
2017-01-15,3,07PML-115,1543.01,1508.33,34.68,0
2017-01-15,4,07PML-115,1522.08,1488.88,33.2,0
2017-01-15,5,07PML-115,1521.6,1488.54,33.07,0
2017-01-15,6,07PML-115,1534.46,1500.49,33.96,0
2017-01-15,7,07PML-115,1551.69,1516.28,35.42,0
2017-01-15,8,07PML-115,1568.69,1531.54,37.15,0
2017-01-15,9,07PML-115,1617.66,1576.92,40.74,0
2017-01-15,10,07PML-115,1634.31,1558.77,75.54,0
2017-01-15,11,07PML-115,1943.84,1851.12,92.72,0
2017-01-15,12,07PML-115,1984.69,1889.74,94.95,0
2017-01-15,13,07PML-115,1950.71,1857.12,93.59,0
2017-01-15,14,07PML-115,1953.69,1859.94,93.75,0
2017-01-15,15,07PML-115,1949.74,1856.58,93.16,0
2017-01-15,16,07PML-115,1832.54,1781.82,50.72,0
2017-01-15,17,07PML-115,2327.81,2246.9,80.91,0
2017-01-15,18,07PML-115,1900.88,1846.3,54.59,0
2017-01-15,19,07PML-115,5889.05,5705.04,184.01,0
2017-01-15,20,07PML-115,1983.6,1921.65,61.96,0
2017-01-15,21,07PML-115,2061.01,1997.58,63.43,0
2017-01-15,22,07PML-115,1978.22,1921.21,57.02,0
2017-01-15,23,07PML-115,1624.27,1581.32,42.96,0
2017-01-15,24,07PML-115,1595.34,1557.19,38.16,0
2017-01-15,1,07PUP-115,1567.32,1558.97,8.36,0
2017-01-15,2,07PUP-115,1526.62,1518.91,7.71,0
2017-01-15,3,07PUP-115,1515.4,1508.33,7.07,0
2017-01-15,4,07PUP-115,1495.67,1488.88,6.8,0
2017-01-15,5,07PUP-115,1495.36,1488.54,6.83,0
2017-01-15,6,07PUP-115,1507.62,1500.49,7.13,0
2017-01-15,7,07PUP-115,1523.92,1516.28,7.64,0
2017-01-15,8,07PUP-115,1539.35,1531.54,7.8,0
2017-01-15,9,07PUP-115,1585.49,1576.92,8.58,0
2017-01-15,10,07PUP-115,1567.91,1558.77,9.14,0
2017-01-15,11,07PUP-115,1863.05,1851.12,11.93,0
2017-01-15,12,07PUP-115,1901.75,1889.74,12.01,0
2017-01-15,13,07PUP-115,1868.67,1857.12,11.55,0
2017-01-15,14,07PUP-115,1871.4,1859.94,11.46,0
2017-01-15,15,07PUP-115,1867.9,1856.58,11.32,0
2017-01-15,16,07PUP-115,1792.85,1781.82,11.03,0
2017-01-15,17,07PUP-115,2253.55,2246.9,6.65,0
2017-01-15,18,07PUP-115,1866.07,1846.3,19.78,0
2017-01-15,19,07PUP-115,5889.05,5867.26,21.79,0
2017-01-15,20,07PUP-115,1930.01,1921.65,8.36,0
2017-01-15,21,07PUP-115,2007.14,1997.58,9.56,0
2017-01-15,22,07PUP-115,1930.58,1921.21,9.37,0
2017-01-15,23,07PUP-115,1589.62,1581.32,8.31,0
2017-01-15,24,07PUP-115,1565.73,1557.19,8.55,0
2017-01-15,1,07RCO-115,1566.92,1558.97,7.95,0
2017-01-15,2,07RCO-115,1526.36,1518.91,7.45,0
2017-01-15,3,07RCO-115,1515.26,1508.33,6.93,0
2017-01-15,4,07RCO-115,1495.59,1488.88,6.71,0
2017-01-15,5,07RCO-115,1495.23,1488.54,6.7,0
2017-01-15,6,07RCO-115,1507.43,1500.49,6.94,0
2017-01-15,7,07RCO-115,1523.57,1516.28,7.29,0
2017-01-15,8,07RCO-115,1538.85,1531.54,7.31,0
2017-01-15,9,07RCO-115,1584.71,1576.92,7.79,0
2017-01-15,10,07RCO-115,1562.93,1558.77,4.16,0
2017-01-15,11,07RCO-115,1855.44,1851.12,4.32,0
2017-01-15,12,07RCO-115,1894.08,1889.74,4.34,0
2017-01-15,13,07RCO-115,1861.34,1857.12,4.21,0
2017-01-15,14,07RCO-115,1864.15,1859.94,4.21,0
2017-01-15,15,07RCO-115,1860.9,1856.58,4.31,0
2017-01-15,16,07RCO-115,1787.4,1781.82,5.59,0
2017-01-15,17,07RCO-115,2257.92,2246.9,11.02,0
2017-01-15,18,07RCO-115,1861.03,1846.3,14.73,0
2017-01-15,19,07RCO-115,5889.05,5879.08,9.97,0
2017-01-15,20,07RCO-115,1927.2,1921.65,5.55,0
2017-01-15,21,07RCO-115,2004.67,1997.58,7.09,0
2017-01-15,22,07RCO-115,1929.05,1921.21,7.85,0
2017-01-15,23,07RCO-115,1588.71,1581.32,7.39,0
2017-01-15,24,07RCO-115,1565.44,1557.19,8.26,0
2017-01-15,1,07RFO-115,1576.82,1558.97,17.85,0
2017-01-15,2,07RFO-115,1536.98,1518.91,18.07,0
2017-01-15,3,07RFO-115,1524.69,1508.33,16.36,0
2017-01-15,4,07RFO-115,1505.45,1488.88,16.57,0
2017-01-15,5,07RFO-115,1505.15,1488.54,16.61,0
2017-01-15,6,07RFO-115,1517.95,1500.49,17.46,0
2017-01-15,7,07RFO-115,1534.12,1516.28,17.84,0
2017-01-15,8,07RFO-115,1549.16,1531.54,17.61,0
2017-01-15,9,07RFO-115,1593.99,1576.92,17.08,0
2017-01-15,10,07RFO-115,1551.91,1558.77,-6.86,0
2017-01-15,11,07RFO-115,1835.36,1851.12,-15.76,0
2017-01-15,12,07RFO-115,1873.84,1889.74,-15.9,0
2017-01-15,13,07RFO-115,1841.25,1857.12,-15.88,0
2017-01-15,14,07RFO-115,1844.38,1859.94,-15.56,0
2017-01-15,15,07RFO-115,1842.06,1856.58,-14.52,0
2017-01-15,16,07RFO-115,1771.31,1781.82,-10.5,0
2017-01-15,17,07RFO-115,2268.49,2246.9,21.59,0
2017-01-15,18,07RFO-115,1863.86,1846.3,17.56,0
2017-01-15,19,07RFO-115,5889.05,5971.39,-82.34,0
2017-01-15,20,07RFO-115,1906.97,1921.65,-14.68,0
2017-01-15,21,07RFO-115,1983.44,1997.58,-14.15,0
2017-01-15,22,07RFO-115,1923.64,1921.21,2.44,0
2017-01-15,23,07RFO-115,1591.72,1581.32,10.4,0
2017-01-15,24,07RFO-115,1576.31,1557.19,19.12,0
2017-01-15,1,07SJC-115,1598.76,1558.97,39.8,0
2017-01-15,2,07SJC-115,1556.03,1518.91,37.12,0
2017-01-15,3,07SJC-115,1544.2,1508.33,35.86,0
2017-01-15,4,07SJC-115,1523.24,1488.88,34.36,0
2017-01-15,5,07SJC-115,1522.77,1488.54,34.23,0
2017-01-15,6,07SJC-115,1535.66,1500.49,35.17,0
2017-01-15,7,07SJC-115,1552.96,1516.28,36.69,0
2017-01-15,8,07SJC-115,1570.02,1531.54,38.48,0
2017-01-15,9,07SJC-115,1619.09,1576.92,42.17,0
2017-01-15,10,07SJC-115,1635.78,1558.77,77.02,0
2017-01-15,11,07SJC-115,1945.67,1851.12,94.55,0
2017-01-15,12,07SJC-115,1986.56,1889.74,96.82,0
2017-01-15,13,07SJC-115,1952.56,1857.12,95.43,0
2017-01-15,14,07SJC-115,1955.56,1859.94,95.62,0
2017-01-15,15,07SJC-115,1951.6,1856.58,95.02,0
2017-01-15,16,07SJC-115,1834.42,1781.82,52.6,0
2017-01-15,17,07SJC-115,2330.8,2246.9,83.91,0
2017-01-15,18,07SJC-115,1902.97,1846.3,56.67,0
2017-01-15,19,07SJC-115,5889.05,5698.36,190.69,0
2017-01-15,20,07SJC-115,1985.93,1921.65,64.28,0
2017-01-15,21,07SJC-115,2063.41,1997.58,65.83,0
2017-01-15,22,07SJC-115,1980.33,1921.21,59.12,0
2017-01-15,23,07SJC-115,1625.82,1581.32,44.51,0
2017-01-15,24,07SJC-115,1596.64,1557.19,39.45,0
2017-01-15,1,07SNT-115,1590.27,1558.97,31.3,0
2017-01-15,2,07SNT-115,1548.09,1518.91,29.19,0
2017-01-15,3,07SNT-115,1536.29,1508.33,27.95,0
2017-01-15,4,07SNT-115,1515.81,1488.88,26.93,0
2017-01-15,5,07SNT-115,1515.81,1488.54,27.27,0
2017-01-15,6,07SNT-115,1529.07,1500.49,28.58,0
2017-01-15,7,07SNT-115,1546.62,1516.28,30.35,0
2017-01-15,8,07SNT-115,1563.16,1531.54,31.62,0
2017-01-15,9,07SNT-115,1611.38,1576.92,34.46,0
2017-01-15,10,07SNT-115,1608.33,1558.77,49.57,0
2017-01-15,11,07SNT-115,1911.9,1851.12,60.78,0
2017-01-15,12,07SNT-115,1951.51,1889.74,61.77,0
2017-01-15,13,07SNT-115,1917.57,1857.12,60.45,0
2017-01-15,14,07SNT-115,1919.95,1859.94,60.01,0
2017-01-15,15,07SNT-115,1915.57,1856.58,58.99,0
2017-01-15,16,07SNT-115,1821.66,1781.82,39.85,0
2017-01-15,17,07SNT-115,2303.85,2246.9,56.95,0
2017-01-15,18,07SNT-115,1893.44,1846.3,47.15,0
2017-01-15,19,07SNT-115,5889.05,5751.49,137.56,0
2017-01-15,20,07SNT-115,1968.75,1921.65,47.1,0
2017-01-15,21,07SNT-115,2046.81,1997.58,49.23,0
2017-01-15,22,07SNT-115,1965.47,1921.21,44.26,0
2017-01-15,23,07SNT-115,1615.49,1581.32,34.17,0
2017-01-15,24,07SNT-115,1588.64,1557.19,31.46,0
2017-01-15,1,07TCB-115,1602.8,1558.97,43.84,0
2017-01-15,2,07TCB-115,1559.88,1518.91,40.97,0
2017-01-15,3,07TCB-115,1547.92,1508.33,39.58,0
2017-01-15,4,07TCB-115,1526.86,1488.88,37.98,0
2017-01-15,5,07TCB-115,1526.32,1488.54,37.78,0
2017-01-15,6,07TCB-115,1539.21,1500.49,38.72,0
2017-01-15,7,07TCB-115,1556.49,1516.28,40.22,0
2017-01-15,8,07TCB-115,1573.57,1531.54,42.03,0
2017-01-15,9,07TCB-115,1622.79,1576.92,45.87,0
2017-01-15,10,07TCB-115,1639.61,1558.77,80.85,0
2017-01-15,11,07TCB-115,1950.28,1851.12,99.16,0
2017-01-15,12,07TCB-115,1991.43,1889.74,101.69,0
2017-01-15,13,07TCB-115,1957.55,1857.12,100.43,0
2017-01-15,14,07TCB-115,1960.71,1859.94,100.77,0
2017-01-15,15,07TCB-115,1956.86,1856.58,100.28,0
2017-01-15,16,07TCB-115,1839.05,1781.82,57.23,0
2017-01-15,17,07TCB-115,2338.43,2246.9,91.53,0
2017-01-15,18,07TCB-115,1907.86,1846.3,61.57,0
2017-01-15,19,07TCB-115,5889.05,5682.91,206.14,0
2017-01-15,20,07TCB-115,1991.53,1921.65,69.88,0
2017-01-15,21,07TCB-115,2069.22,1997.58,71.64,0
2017-01-15,22,07TCB-115,1985.88,1921.21,64.68,0
2017-01-15,23,07TCB-115,1630.11,1581.32,48.79,0
2017-01-15,24,07TCB-115,1600.58,1557.19,43.4,0
2017-01-15,1,07VIO-115,1569.72,1558.97,10.75,0
2017-01-15,2,07VIO-115,1527.94,1518.91,9.04,0
2017-01-15,3,07VIO-115,1515.13,1508.33,6.79,0
2017-01-15,4,07VIO-115,1495.27,1488.88,6.4,0
2017-01-15,5,07VIO-115,1494.63,1488.54,6.1,0
2017-01-15,6,07VIO-115,1507.42,1500.49,6.93,0
2017-01-15,7,07VIO-115,1523.5,1516.28,7.22,0
2017-01-15,8,07VIO-115,1541.99,1531.54,10.44,0
2017-01-15,9,07VIO-115,1592.56,1576.92,15.64,0
2017-01-15,10,07VIO-115,1493.36,1558.77,-65.41,0
2017-01-15,11,07VIO-115,1737.96,1851.12,-113.16,0
2017-01-15,12,07VIO-115,1768.27,1889.74,-121.47,0
2017-01-15,13,07VIO-115,1738.82,1857.12,-118.3,0
2017-01-15,14,07VIO-115,1739.24,1859.94,-120.7,0
2017-01-15,15,07VIO-115,1738.28,1856.58,-118.3,0
2017-01-15,16,07VIO-115,1679.14,1781.82,-102.68,0
2017-01-15,17,07VIO-115,2229.9,2246.9,-17,0
2017-01-15,18,07VIO-115,1819.18,1846.3,-27.11,0
2017-01-15,19,07VIO-115,5889.05,6436.62,-547.57,0
2017-01-15,20,07VIO-115,1798.64,1921.65,-123.01,0
2017-01-15,21,07VIO-115,1860.84,1997.58,-136.74,0
2017-01-15,22,07VIO-115,1855.02,1921.21,-66.19,0
2017-01-15,23,07VIO-115,1555.34,1581.32,-25.97,0
2017-01-15,24,07VIO-115,1570.22,1557.19,13.03,0
