Fecha,Hora,Zona de Carga,Precio Zonal  ($/MWh),Componente energia  ($/MWh),Componente perdidas  ($/MWh),Componente Congestion  ($/MWh)
2016-08-16,1,ENSENADA,909.03,865.45,43.59,0
2016-08-16,2,ENSENADA,854.09,813.92,40.17,0
2016-08-16,3,ENSENADA,773.12,737.36,35.77,0
2016-08-16,4,ENSENADA,719.67,686.59,33.08,0
2016-08-16,5,ENSENADA,567.04,539.96,27.09,0
2016-08-16,6,ENSENADA,807.44,769.23,38.21,0
2016-08-16,7,ENSENADA,785.25,749.63,35.62,0
2016-08-16,8,ENSENADA,787.17,749.44,37.73,0
2016-08-16,9,ENSENADA,857.55,813.92,43.63,0
2016-08-16,10,ENSENADA,938.56,890.59,47.97,0
2016-08-16,11,ENSENADA,941.69,890.61,51.07,0
2016-08-16,12,ENSENADA,943.86,890.59,53.27,0
2016-08-16,13,ENSENADA,917.05,865.36,51.7,0
2016-08-16,14,ENSENADA,917.61,865.47,52.14,0
2016-08-16,15,ENSENADA,918.18,865.06,53.12,0
2016-08-16,16,ENSENADA,918.51,865.22,53.29,0
2016-08-16,17,ENSENADA,918.64,865.37,53.27,0
2016-08-16,18,ENSENADA,943.35,890.58,52.77,0
2016-08-16,19,ENSENADA,917.23,865.51,51.73,0
2016-08-16,20,ENSENADA,943.8,890.61,53.2,0
2016-08-16,21,ENSENADA,892.44,839.73,52.71,0
2016-08-16,22,ENSENADA,919.39,865.31,54.08,0
2016-08-16,23,ENSENADA,913.33,865.28,48.05,0
2016-08-16,24,ENSENADA,883.69,839.89,43.8,0
2016-08-16,1,MEXICALI,926.97,865.45,61.53,0
2016-08-16,2,MEXICALI,861.55,813.92,47.63,0
2016-08-16,3,MEXICALI,773.68,737.36,36.32,0
2016-08-16,4,MEXICALI,715.6,686.59,29.01,0
2016-08-16,5,MEXICALI,559.84,539.96,19.89,0
2016-08-16,6,MEXICALI,793.52,769.23,24.29,0
2016-08-16,7,MEXICALI,768.57,749.63,18.94,0
2016-08-16,8,MEXICALI,773.29,749.44,23.85,0
2016-08-16,9,MEXICALI,848.4,813.92,34.48,0
2016-08-16,10,MEXICALI,927.19,890.59,36.59,0
2016-08-16,11,MEXICALI,932.85,890.61,42.24,0
2016-08-16,12,MEXICALI,938.41,890.59,47.82,0
2016-08-16,13,MEXICALI,914.23,865.36,48.87,0
2016-08-16,14,MEXICALI,918.66,865.47,53.19,0
2016-08-16,15,MEXICALI,921.33,865.06,56.27,0
2016-08-16,16,MEXICALI,922.83,865.22,57.6,0
2016-08-16,17,MEXICALI,924.12,865.37,58.75,0
2016-08-16,18,MEXICALI,958.79,890.58,68.21,0
2016-08-16,19,MEXICALI,925.5,865.51,60,0
2016-08-16,20,MEXICALI,952.4,890.61,61.79,0
2016-08-16,21,MEXICALI,893.51,839.73,53.79,0
2016-08-16,22,MEXICALI,920.8,865.31,55.49,0
2016-08-16,23,MEXICALI,922.57,865.28,57.29,0
2016-08-16,24,MEXICALI,894.57,839.89,54.68,0
2016-08-16,1,SANLUIS,935.31,865.45,69.86,0
2016-08-16,2,SANLUIS,869.28,813.92,55.35,0
2016-08-16,3,SANLUIS,780.63,737.36,43.28,0
2016-08-16,4,SANLUIS,721.51,686.59,34.92,0
2016-08-16,5,SANLUIS,564.09,539.96,24.14,0
2016-08-16,6,SANLUIS,798.76,769.23,29.53,0
2016-08-16,7,SANLUIS,772.73,749.63,23.1,0
2016-08-16,8,SANLUIS,777.8,749.44,28.36,0
2016-08-16,9,SANLUIS,854.13,813.92,40.21,0
2016-08-16,10,SANLUIS,934.08,890.59,43.49,0
2016-08-16,11,SANLUIS,940.91,890.61,50.3,0
2016-08-16,12,SANLUIS,947.76,890.59,57.17,0
2016-08-16,13,SANLUIS,923.62,865.36,58.26,0
2016-08-16,14,SANLUIS,929.19,865.47,63.72,0
2016-08-16,15,SANLUIS,931.84,865.06,66.78,0
2016-08-16,16,SANLUIS,933.47,865.22,68.24,0
2016-08-16,17,SANLUIS,934.72,865.37,69.35,0
2016-08-16,18,SANLUIS,969.45,890.58,78.87,0
2016-08-16,19,SANLUIS,935.8,865.51,70.3,0
2016-08-16,20,SANLUIS,961.85,890.61,71.24,0
2016-08-16,21,SANLUIS,902.79,839.73,63.06,0
2016-08-16,22,SANLUIS,930.81,865.31,65.5,0
2016-08-16,23,SANLUIS,933.15,865.28,67.88,0
2016-08-16,24,SANLUIS,904.77,839.89,64.88,0
2016-08-16,1,TIJUANA,883.21,865.45,17.76,0
2016-08-16,2,TIJUANA,829.51,813.92,15.59,0
2016-08-16,3,TIJUANA,750.74,737.36,13.38,0
2016-08-16,4,TIJUANA,698.6,686.59,12.01,0
2016-08-16,5,TIJUANA,549.15,539.96,9.19,0
2016-08-16,6,TIJUANA,784.73,769.23,15.5,0
2016-08-16,7,TIJUANA,764.78,749.63,15.15,0
2016-08-16,8,TIJUANA,764.11,749.44,14.67,0
2016-08-16,9,TIJUANA,827.38,813.92,13.46,0
2016-08-16,10,TIJUANA,906,890.59,15.4,0
2016-08-16,11,TIJUANA,906.53,890.61,15.92,0
2016-08-16,12,TIJUANA,906.91,890.59,16.32,0
2016-08-16,13,TIJUANA,881.25,865.36,15.89,0
2016-08-16,14,TIJUANA,881.53,865.48,16.06,0
2016-08-16,15,TIJUANA,881,865.06,15.94,0
2016-08-16,16,TIJUANA,885.93,865.22,20.71,0
2016-08-16,17,TIJUANA,885.83,865.37,20.45,0
2016-08-16,18,TIJUANA,911.28,890.58,20.7,0
2016-08-16,19,TIJUANA,884.9,865.51,19.4,0
2016-08-16,20,TIJUANA,910.19,890.61,19.58,0
2016-08-16,21,TIJUANA,858.47,839.73,18.74,0
2016-08-16,22,TIJUANA,884.71,865.31,19.39,0
2016-08-16,23,TIJUANA,884.26,865.28,18.98,0
2016-08-16,24,TIJUANA,857.63,839.89,17.75,0
2016-08-17,1,ENSENADA,942.37,895.56,46.82,0
2016-08-17,2,ENSENADA,915.51,868.85,46.65,0
2016-08-17,3,ENSENADA,796.33,755.46,40.87,0
2016-08-17,4,ENSENADA,731.76,694.7,37.06,0
2016-08-17,5,ENSENADA,860.75,816.58,44.16,0
2016-08-17,6,ENSENADA,830.92,788.72,42.2,0
2016-08-17,7,ENSENADA,801.85,762.34,39.52,0
2016-08-17,8,ENSENADA,795.45,755.32,40.13,0
2016-08-17,9,ENSENADA,889.91,842.2,47.71,0
2016-08-17,10,ENSENADA,947.8,895.39,52.41,0
2016-08-17,11,ENSENADA,949.4,895.39,54.02,0
2016-08-17,12,ENSENADA,950.67,895.36,55.31,0
2016-08-17,13,ENSENADA,923.52,868.64,54.88,0
2016-08-17,14,ENSENADA,952.91,895.23,57.68,0
2016-08-17,15,ENSENADA,980.44,921.78,58.66,0
2016-08-17,16,ENSENADA,951.31,895.37,55.94,0
2016-08-17,17,ENSENADA,952.16,895.62,56.55,0
2016-08-17,18,ENSENADA,950.87,895.52,55.35,0
2016-08-17,19,ENSENADA,951,895.46,55.54,0
2016-08-17,20,ENSENADA,951.33,895.41,55.92,0
2016-08-17,21,ENSENADA,955.25,895.37,59.89,0
2016-08-17,22,ENSENADA,953.17,895.5,57.67,0
2016-08-17,23,ENSENADA,950.09,895.58,54.52,0
2016-08-17,24,ENSENADA,975.05,921.8,53.26,0
2016-08-17,1,MEXICALI,953.1,895.56,57.55,0
2016-08-17,2,MEXICALI,917.1,868.85,48.25,0
2016-08-17,3,MEXICALI,789.63,755.46,34.17,0
2016-08-17,4,MEXICALI,721.35,694.7,26.65,0
2016-08-17,5,MEXICALI,842.59,816.58,26,0
2016-08-17,6,MEXICALI,808.84,788.72,20.12,0
2016-08-17,7,MEXICALI,778.24,762.34,15.9,0
2016-08-17,8,MEXICALI,775.91,755.33,20.59,0
2016-08-17,9,MEXICALI,873.35,842.2,31.16,0
2016-08-17,10,MEXICALI,931.42,895.39,36.04,0
2016-08-17,11,MEXICALI,933.67,895.39,38.29,0
2016-08-17,12,MEXICALI,939.13,895.36,43.77,0
2016-08-17,13,MEXICALI,913.63,868.64,45,0
2016-08-17,14,MEXICALI,947.93,895.23,52.7,0
2016-08-17,15,MEXICALI,980.88,921.78,59.1,0
2016-08-17,16,MEXICALI,956.63,895.37,61.26,0
2016-08-17,17,MEXICALI,957.99,895.62,62.38,0
2016-08-17,18,MEXICALI,957.28,895.52,61.77,0
2016-08-17,19,MEXICALI,955.87,895.46,60.41,0
2016-08-17,20,MEXICALI,950.12,895.41,54.71,0
2016-08-17,21,MEXICALI,946.77,895.37,51.41,0
2016-08-17,22,MEXICALI,947.75,895.5,52.25,0
2016-08-17,23,MEXICALI,951.14,895.58,55.56,0
2016-08-17,24,MEXICALI,978.77,921.8,56.98,0
2016-08-17,1,SANLUIS,962.37,895.56,66.81,0
2016-08-17,2,SANLUIS,925.43,868.85,56.57,0
2016-08-17,3,SANLUIS,796.39,755.46,40.92,0
2016-08-17,4,SANLUIS,727.12,694.7,32.43,0
2016-08-17,5,SANLUIS,848.88,816.58,32.3,0
2016-08-17,6,SANLUIS,814.29,788.72,25.57,0
2016-08-17,7,SANLUIS,782.71,762.34,20.37,0
2016-08-17,8,SANLUIS,780.97,755.33,25.64,0
2016-08-17,9,SANLUIS,880.13,842.2,37.94,0
2016-08-17,10,SANLUIS,939.58,895.39,44.2,0
2016-08-17,11,SANLUIS,942.72,895.39,47.34,0
2016-08-17,12,SANLUIS,949.38,895.36,54.02,0
2016-08-17,13,SANLUIS,923.72,868.64,55.09,0
2016-08-17,14,SANLUIS,958.81,895.23,63.58,0
2016-08-17,15,SANLUIS,991.86,921.78,70.08,0
2016-08-17,16,SANLUIS,967.48,895.37,72.11,0
2016-08-17,17,SANLUIS,968.74,895.62,73.12,0
2016-08-17,18,SANLUIS,967.77,895.52,72.26,0
2016-08-17,19,SANLUIS,965.74,895.46,70.28,0
2016-08-17,20,SANLUIS,959.31,895.41,63.9,0
2016-08-17,21,SANLUIS,956.39,895.37,61.02,0
2016-08-17,22,SANLUIS,957.87,895.5,62.37,0
2016-08-17,23,SANLUIS,961.64,895.58,66.06,0
2016-08-17,24,SANLUIS,989.72,921.8,67.92,0
2016-08-17,1,TIJUANA,914,895.56,18.45,0
2016-08-17,2,TIJUANA,885.74,868.85,16.89,0
2016-08-17,3,TIJUANA,769.03,755.46,13.56,0
2016-08-17,4,TIJUANA,706.7,694.7,12.01,0
2016-08-17,5,TIJUANA,830.26,816.58,13.67,0
2016-08-17,6,TIJUANA,804.42,788.72,15.7,0
2016-08-17,7,TIJUANA,777.59,762.34,15.26,0
2016-08-17,8,TIJUANA,769.88,755.33,14.55,0
2016-08-17,9,TIJUANA,856.08,842.2,13.88,0
2016-08-17,10,TIJUANA,910.75,895.39,15.37,0
2016-08-17,11,TIJUANA,910.55,895.39,15.17,0
2016-08-17,12,TIJUANA,911.47,895.36,16.11,0
2016-08-17,13,TIJUANA,884.34,868.64,15.7,0
2016-08-17,14,TIJUANA,911.41,895.23,16.18,0
2016-08-17,15,TIJUANA,938.47,921.78,16.69,0
2016-08-17,16,TIJUANA,916.88,895.37,21.5,0
2016-08-17,17,TIJUANA,916.88,895.62,21.27,0
2016-08-17,18,TIJUANA,916,895.52,20.49,0
2016-08-17,19,TIJUANA,915.55,895.46,20.09,0
2016-08-17,20,TIJUANA,915.14,895.41,19.73,0
2016-08-17,21,TIJUANA,915.35,895.37,19.98,0
2016-08-17,22,TIJUANA,915.61,895.5,20.11,0
2016-08-17,23,TIJUANA,915.22,895.58,19.64,0
2016-08-17,24,TIJUANA,941.42,921.8,19.62,0
2016-08-18,1,ENSENADA,815.07,774.49,40.58,0
2016-08-18,2,ENSENADA,814.92,774.55,40.37,0
2016-08-18,3,ENSENADA,814.63,774.63,40,0
2016-08-18,4,ENSENADA,713.63,679.33,34.3,0
2016-08-18,5,ENSENADA,673.67,640.98,32.69,0
2016-08-18,6,ENSENADA,536.58,510.49,26.09,0
2016-08-18,7,ENSENADA,529.41,503.97,25.45,0
2016-08-18,8,ENSENADA,793.96,755.08,38.88,0
2016-08-18,9,ENSENADA,897.8,849.94,47.86,0
2016-08-18,10,ENSENADA,899.19,849.97,49.22,0
2016-08-18,11,ENSENADA,900.98,849.92,51.07,0
2016-08-18,12,ENSENADA,902.32,850,52.32,0
2016-08-18,13,ENSENADA,901.34,849.93,51.4,0
2016-08-18,14,ENSENADA,875.72,824.62,51.1,0
2016-08-18,15,ENSENADA,902.81,849.94,52.87,0
2016-08-18,16,ENSENADA,902.19,849.72,52.47,0
2016-08-18,17,ENSENADA,903.07,850.07,53,0
2016-08-18,18,ENSENADA,875.57,824.95,50.62,0
2016-08-18,19,ENSENADA,899.99,850.13,49.86,0
2016-08-18,20,ENSENADA,900.02,850.03,50,0
2016-08-18,21,ENSENADA,928.03,874.67,53.36,0
2016-08-18,22,ENSENADA,900.98,849.89,51.09,0
2016-08-18,23,ENSENADA,898.81,850.15,48.66,0
2016-08-18,24,ENSENADA,894.75,849.92,44.84,0
2016-08-18,1,MEXICALI,811.45,774.49,36.96,0
2016-08-18,2,MEXICALI,811.53,774.55,36.97,0
2016-08-18,3,MEXICALI,805.29,774.63,30.66,0
2016-08-18,4,MEXICALI,701.81,679.33,22.48,0
2016-08-18,5,MEXICALI,658.67,640.98,17.69,0
2016-08-18,6,MEXICALI,522.1,510.49,11.61,0
2016-08-18,7,MEXICALI,513.01,503.97,9.05,0
2016-08-18,8,MEXICALI,773.83,755.08,18.75,0
2016-08-18,9,MEXICALI,880.17,849.94,30.23,0
2016-08-18,10,MEXICALI,885.21,849.97,35.24,0
2016-08-18,11,MEXICALI,891.26,849.92,41.34,0
2016-08-18,12,MEXICALI,896.76,850,46.76,0
2016-08-18,13,MEXICALI,904.31,849.93,54.38,0
2016-08-18,14,MEXICALI,876.99,824.62,52.36,0
2016-08-18,15,MEXICALI,906.1,849.94,56.15,0
2016-08-18,16,MEXICALI,909.24,849.72,59.52,0
2016-08-18,17,MEXICALI,911.66,850.07,61.6,0
2016-08-18,18,MEXICALI,884.56,824.95,59.61,0
2016-08-18,19,MEXICALI,914.11,850.13,63.98,0
2016-08-18,20,MEXICALI,911.98,850.03,61.96,0
2016-08-18,21,MEXICALI,933.9,874.67,59.23,0
2016-08-18,22,MEXICALI,906.15,849.89,56.26,0
2016-08-18,23,MEXICALI,902.78,850.15,52.63,0
2016-08-18,24,MEXICALI,905.39,849.92,55.48,0
2016-08-18,1,SANLUIS,818.65,774.49,44.16,0
2016-08-18,2,SANLUIS,818.35,774.55,43.8,0
2016-08-18,3,SANLUIS,811.41,774.63,36.78,0
2016-08-18,4,SANLUIS,706.73,679.33,27.41,0
2016-08-18,5,SANLUIS,662.87,640.98,21.89,0
2016-08-18,6,SANLUIS,524.94,510.49,14.45,0
2016-08-18,7,SANLUIS,515.18,503.96,11.21,0
2016-08-18,8,SANLUIS,777.5,755.08,22.42,0
2016-08-18,9,SANLUIS,885.57,849.94,35.63,0
2016-08-18,10,SANLUIS,891.61,849.97,41.65,0
2016-08-18,11,SANLUIS,898.96,849.92,49.04,0
2016-08-18,12,SANLUIS,905.26,850,55.25,0
2016-08-18,13,SANLUIS,913.02,849.93,63.09,0
2016-08-18,14,SANLUIS,885.72,824.62,61.1,0
2016-08-18,15,SANLUIS,915.62,849.94,65.68,0
2016-08-18,16,SANLUIS,919.07,849.72,69.35,0
2016-08-18,17,SANLUIS,921,850.07,70.93,0
2016-08-18,18,SANLUIS,893.35,824.95,68.4,0
2016-08-18,19,SANLUIS,922.68,850.13,72.55,0
2016-08-18,20,SANLUIS,919.31,850.03,69.28,0
2016-08-18,21,SANLUIS,942.02,874.67,67.34,0
2016-08-18,22,SANLUIS,914.25,849.89,64.36,0
2016-08-18,23,SANLUIS,911.7,850.15,61.56,0
2016-08-18,24,SANLUIS,913.87,849.92,63.95,0
2016-08-18,1,TIJUANA,789.12,774.49,14.63,0
2016-08-18,2,TIJUANA,788.67,774.55,14.11,0
2016-08-18,3,TIJUANA,787.94,774.63,13.31,0
2016-08-18,4,TIJUANA,690.57,679.33,11.24,0
2016-08-18,5,TIJUANA,651.33,640.98,10.35,0
2016-08-18,6,TIJUANA,520.35,510.49,9.86,0
2016-08-18,7,TIJUANA,513.74,503.97,9.77,0
2016-08-18,8,TIJUANA,769.54,755.08,14.46,0
2016-08-18,9,TIJUANA,863.89,849.94,13.95,0
2016-08-18,10,TIJUANA,864.57,849.97,14.6,0
2016-08-18,11,TIJUANA,864.95,849.92,15.03,0
2016-08-18,12,TIJUANA,865.43,850,15.43,0
2016-08-18,13,TIJUANA,865.49,849.93,15.56,0
2016-08-18,14,TIJUANA,839.8,824.62,15.18,0
2016-08-18,15,TIJUANA,865.51,849.94,15.56,0
2016-08-18,16,TIJUANA,870.21,849.72,20.49,0
2016-08-18,17,TIJUANA,870.38,850.07,20.32,0
2016-08-18,18,TIJUANA,843.88,824.95,18.93,0
2016-08-18,19,TIJUANA,869.27,850.13,19.14,0
2016-08-18,20,TIJUANA,868.93,850.03,18.9,0
2016-08-18,21,TIJUANA,894.55,874.67,19.88,0
2016-08-18,22,TIJUANA,868.97,849.89,19.08,0
2016-08-18,23,TIJUANA,868.64,850.15,18.49,0
2016-08-18,24,TIJUANA,867.98,849.92,18.06,0
2016-08-19,1,ENSENADA,867.85,824.28,43.57,0
2016-08-19,2,ENSENADA,761.4,724.44,36.96,0
2016-08-19,3,ENSENADA,692.39,659.45,32.94,0
2016-08-19,4,ENSENADA,812.68,773.67,39.02,0
2016-08-19,5,ENSENADA,772.05,735.61,36.44,0
2016-08-19,6,ENSENADA,759.62,724.4,35.22,0
2016-08-19,7,ENSENADA,734.45,699.87,34.59,0
2016-08-19,8,ENSENADA,735.47,699.62,35.86,0
2016-08-19,9,ENSENADA,895.4,849.09,46.32,0
2016-08-19,10,ENSENADA,898.53,849.51,49.02,0
2016-08-19,11,ENSENADA,900.6,849.34,51.26,0
2016-08-19,12,ENSENADA,901.4,849.41,51.99,0
2016-08-19,13,ENSENADA,903.13,849.49,53.64,0
2016-08-19,14,ENSENADA,902.35,849.41,52.94,0
2016-08-19,15,ENSENADA,901.73,849.34,52.39,0
2016-08-19,16,ENSENADA,900.85,849.38,51.47,0
2016-08-19,17,ENSENADA,926.85,874.03,52.82,0
2016-08-19,18,ENSENADA,900.13,848.97,51.16,0
2016-08-19,19,ENSENADA,899.72,849.43,50.29,0
2016-08-19,20,ENSENADA,897.96,849.5,48.46,0
2016-08-19,21,ENSENADA,873.72,824.92,48.8,0
2016-08-19,22,ENSENADA,924.6,874.04,50.57,0
2016-08-19,23,ENSENADA,895.62,849.51,46.11,0
2016-08-19,24,ENSENADA,893.5,849.39,44.11,0
2016-08-19,1,MEXICALI,868.5,824.28,44.22,0
2016-08-19,2,MEXICALI,757.33,724.44,32.89,0
2016-08-19,3,MEXICALI,684.85,659.45,25.4,0
2016-08-19,4,MEXICALI,799.19,773.67,25.52,0
2016-08-19,5,MEXICALI,756.4,735.61,20.78,0
2016-08-19,6,MEXICALI,743.01,724.4,18.6,0
2016-08-19,7,MEXICALI,714.25,699.87,14.38,0
2016-08-19,8,MEXICALI,719.15,699.62,19.53,0
2016-08-19,9,MEXICALI,880.7,849.09,31.62,0
2016-08-19,10,MEXICALI,886.28,849.51,36.77,0
2016-08-19,11,MEXICALI,889.98,849.34,40.65,0
2016-08-19,12,MEXICALI,895.63,849.41,46.22,0
2016-08-19,13,MEXICALI,900.29,849.49,50.8,0
2016-08-19,14,MEXICALI,903.58,849.41,54.17,0
2016-08-19,15,MEXICALI,903.48,849.34,54.14,0
2016-08-19,16,MEXICALI,908.42,849.38,59.04,0
2016-08-19,17,MEXICALI,936.23,874.03,62.2,0
2016-08-19,18,MEXICALI,907.82,848.97,58.85,0
2016-08-19,19,MEXICALI,908.86,849.43,59.43,0
2016-08-19,20,MEXICALI,904.22,849.5,54.72,0
2016-08-19,21,MEXICALI,871.09,824.92,46.17,0
2016-08-19,22,MEXICALI,926.35,874.04,52.31,0
2016-08-19,23,MEXICALI,902.33,849.52,52.81,0
2016-08-19,24,MEXICALI,901.59,849.39,52.2,0
2016-08-19,1,SANLUIS,875.8,824.28,51.51,0
2016-08-19,2,SANLUIS,763.33,724.44,38.89,0
2016-08-19,3,SANLUIS,689.96,659.45,30.51,0
2016-08-19,4,SANLUIS,804.81,773.67,31.14,0
2016-08-19,5,SANLUIS,761.26,735.61,25.64,0
2016-08-19,6,SANLUIS,747.3,724.4,22.9,0
2016-08-19,7,SANLUIS,717.56,699.87,17.69,0
2016-08-19,8,SANLUIS,722.77,699.62,23.15,0
2016-08-19,9,SANLUIS,886.04,849.09,36.95,0
2016-08-19,10,SANLUIS,892.5,849.51,42.99,0
2016-08-19,11,SANLUIS,897.21,849.34,47.87,0
2016-08-19,12,SANLUIS,903.62,849.41,54.21,0
2016-08-19,13,SANLUIS,908.2,849.49,58.7,0
2016-08-19,14,SANLUIS,911.88,849.41,62.47,0
2016-08-19,15,SANLUIS,912.22,849.34,62.88,0
2016-08-19,16,SANLUIS,917.46,849.38,68.08,0
2016-08-19,17,SANLUIS,945.26,874.03,71.24,0
2016-08-19,18,SANLUIS,915.78,848.97,66.81,0
2016-08-19,19,SANLUIS,915.91,849.43,66.48,0
2016-08-19,20,SANLUIS,911.26,849.5,61.76,0
2016-08-19,21,SANLUIS,878.63,824.92,53.7,0
2016-08-19,22,SANLUIS,934.77,874.04,60.73,0
2016-08-19,23,SANLUIS,910.89,849.51,61.38,0
2016-08-19,24,SANLUIS,910.12,849.39,60.73,0
2016-08-19,1,TIJUANA,840.44,824.28,16.16,0
2016-08-19,2,TIJUANA,737.72,724.44,13.29,0
2016-08-19,3,TIJUANA,670.81,659.45,11.36,0
2016-08-19,4,TIJUANA,786.38,773.67,12.71,0
2016-08-19,5,TIJUANA,747.42,735.61,11.81,0
2016-08-19,6,TIJUANA,738.39,724.4,13.98,0
2016-08-19,7,TIJUANA,713.43,699.87,13.56,0
2016-08-19,8,TIJUANA,712.94,699.62,13.32,0
2016-08-19,9,TIJUANA,862.97,849.09,13.89,0
2016-08-19,10,TIJUANA,863.9,849.51,14.39,0
2016-08-19,11,TIJUANA,864.15,849.34,14.82,0
2016-08-19,12,TIJUANA,864.69,849.41,15.28,0
2016-08-19,13,TIJUANA,864.88,849.49,15.38,0
2016-08-19,14,TIJUANA,864.9,849.41,15.5,0
2016-08-19,15,TIJUANA,864.67,849.34,15.33,0
2016-08-19,16,TIJUANA,869.42,849.38,20.04,0
2016-08-19,17,TIJUANA,894.34,874.03,20.31,0
2016-08-19,18,TIJUANA,867.84,848.97,18.87,0
2016-08-19,19,TIJUANA,867.99,849.43,18.56,0
2016-08-19,20,TIJUANA,867.78,849.5,18.28,0
2016-08-19,21,TIJUANA,842.96,824.92,18.04,0
2016-08-19,22,TIJUANA,893.08,874.04,19.04,0
2016-08-19,23,TIJUANA,867.59,849.52,18.08,0
2016-08-19,24,TIJUANA,866.79,849.39,17.4,0
2016-08-20,1,ENSENADA,775.69,739.01,36.68,0
2016-08-20,2,ENSENADA,795.79,757.91,37.87,0
2016-08-20,3,ENSENADA,658.55,628.04,30.5,0
2016-08-20,4,ENSENADA,475.57,453.33,22.24,0
2016-08-20,5,ENSENADA,756.1,720.66,35.43,0
2016-08-20,6,ENSENADA,697.34,664.92,32.43,0
2016-08-20,7,ENSENADA,459.91,438.28,21.62,0
2016-08-20,8,ENSENADA,779.16,739.1,40.05,0
2016-08-20,9,ENSENADA,484.5,458.3,26.2,0
2016-08-20,10,ENSENADA,743.47,702.13,41.33,0
2016-08-20,11,ENSENADA,857.06,807.65,49.41,0
2016-08-20,12,ENSENADA,883.99,831.98,52.01,0
2016-08-20,13,ENSENADA,884.34,831.9,52.45,0
2016-08-20,14,ENSENADA,909.85,856.02,53.83,0
2016-08-20,15,ENSENADA,884.14,831.61,52.53,0
2016-08-20,16,ENSENADA,883.81,832.04,51.76,0
2016-08-20,17,ENSENADA,882.86,831.89,50.97,0
2016-08-20,18,ENSENADA,881.99,832.09,49.89,0
2016-08-20,19,ENSENADA,881.41,832.11,49.31,0
2016-08-20,20,ENSENADA,882.86,832.09,50.77,0
2016-08-20,21,ENSENADA,908.75,856.02,52.73,0
2016-08-20,22,ENSENADA,882.25,831.92,50.33,0
2016-08-20,23,ENSENADA,855.02,807.33,47.69,0
2016-08-20,24,ENSENADA,748.72,710.26,38.46,0
2016-08-20,1,MEXICALI,774.99,739.01,35.98,0
2016-08-20,2,MEXICALI,786.53,757.91,28.62,0
2016-08-20,3,MEXICALI,646.59,628.04,18.55,0
2016-08-20,4,MEXICALI,463.37,453.33,10.04,0
2016-08-20,5,MEXICALI,732.49,720.66,11.83,0
2016-08-20,6,MEXICALI,672.07,664.92,7.16,0
2016-08-20,7,MEXICALI,440.18,438.28,1.9,0
2016-08-20,8,MEXICALI,745.42,739.1,6.31,0
2016-08-20,9,MEXICALI,465.31,458.3,7.01,0
2016-08-20,10,MEXICALI,721.37,702.13,19.24,0
2016-08-20,11,MEXICALI,839.76,807.65,32.11,0
2016-08-20,12,MEXICALI,873.12,831.98,41.13,0
2016-08-20,13,MEXICALI,877.44,831.9,45.54,0
2016-08-20,14,MEXICALI,912.01,856.02,55.99,0
2016-08-20,15,MEXICALI,888.63,831.61,57.02,0
2016-08-20,16,MEXICALI,893.14,832.04,61.09,0
2016-08-20,17,MEXICALI,894.87,831.89,62.97,0
2016-08-20,18,MEXICALI,891.44,832.09,59.35,0
2016-08-20,19,MEXICALI,892.9,832.11,60.79,0
2016-08-20,20,MEXICALI,886.21,832.09,54.13,0
2016-08-20,21,MEXICALI,906.45,856.02,50.43,0
2016-08-20,22,MEXICALI,880.83,831.92,48.92,0
2016-08-20,23,MEXICALI,851.91,807.33,44.58,0
2016-08-20,24,MEXICALI,743.71,710.26,33.45,0
2016-08-20,1,SANLUIS,781.94,739.01,42.93,0
2016-08-20,2,SANLUIS,793.1,757.91,35.19,0
2016-08-20,3,SANLUIS,651.68,628.04,23.64,0
2016-08-20,4,SANLUIS,466.79,453.33,13.46,0
2016-08-20,5,SANLUIS,737.62,720.66,16.96,0
2016-08-20,6,SANLUIS,676.37,664.92,11.45,0
2016-08-20,7,SANLUIS,442.54,438.28,4.26,0
2016-08-20,8,SANLUIS,749.47,739.1,10.37,0
2016-08-20,9,SANLUIS,468.17,458.3,9.87,0
2016-08-20,10,SANLUIS,726.67,702.13,24.54,0
2016-08-20,11,SANLUIS,846.98,807.65,39.33,0
2016-08-20,12,SANLUIS,881.68,831.98,49.7,0
2016-08-20,13,SANLUIS,886.85,831.9,54.96,0
2016-08-20,14,SANLUIS,922.61,856.02,66.59,0
2016-08-20,15,SANLUIS,899.44,831.61,67.83,0
2016-08-20,16,SANLUIS,903.79,832.04,71.75,0
2016-08-20,17,SANLUIS,905.26,831.89,73.36,0
2016-08-20,18,SANLUIS,901.52,832.09,69.42,0
2016-08-20,19,SANLUIS,902.14,832.11,70.03,0
2016-08-20,20,SANLUIS,894.86,832.09,62.77,0
2016-08-20,21,SANLUIS,916.17,856.02,60.15,0
2016-08-20,22,SANLUIS,889.98,831.92,58.06,0
2016-08-20,23,SANLUIS,860.46,807.33,53.13,0
2016-08-20,24,SANLUIS,750.85,710.26,40.59,0
2016-08-20,1,TIJUANA,752.76,739.01,13.75,0
2016-08-20,2,TIJUANA,770.65,757.91,12.74,0
2016-08-20,3,TIJUANA,637.86,628.04,9.82,0
2016-08-20,4,TIJUANA,459.98,453.33,6.66,0
2016-08-20,5,TIJUANA,730.82,720.66,10.15,0
2016-08-20,6,TIJUANA,676.06,664.92,11.15,0
2016-08-20,7,TIJUANA,445.32,438.28,7.04,0
2016-08-20,8,TIJUANA,750.02,739.1,10.92,0
2016-08-20,9,TIJUANA,464.24,458.3,5.94,0
2016-08-20,10,TIJUANA,712.08,702.13,9.95,0
2016-08-20,11,TIJUANA,820.21,807.65,12.56,0
2016-08-20,12,TIJUANA,845.61,831.98,13.63,0
2016-08-20,13,TIJUANA,845.75,831.9,13.85,0
2016-08-20,14,TIJUANA,870.4,856.02,14.38,0
2016-08-20,15,TIJUANA,845.42,831.61,13.82,0
2016-08-20,16,TIJUANA,849.92,832.04,17.87,0
2016-08-20,17,TIJUANA,849.51,831.89,17.62,0
2016-08-20,18,TIJUANA,849.19,832.09,17.1,0
2016-08-20,19,TIJUANA,848.98,832.11,16.87,0
2016-08-20,20,TIJUANA,848.83,832.09,16.74,0
2016-08-20,21,TIJUANA,873.82,856.02,17.8,0
2016-08-20,22,TIJUANA,848.92,831.92,17,0
2016-08-20,23,TIJUANA,823.06,807.33,15.73,0
2016-08-20,24,TIJUANA,722.96,710.26,12.7,0
2016-08-21,1,ENSENADA,486.83,462.95,23.88,0
2016-08-21,2,ENSENADA,848.55,807.32,41.24,0
2016-08-21,3,ENSENADA,695.64,661.95,33.69,0
2016-08-21,4,ENSENADA,453.45,431.38,22.07,0
2016-08-21,5,ENSENADA,453.31,431.39,21.92,0
2016-08-21,6,ENSENADA,436.74,416.36,20.39,0
2016-08-21,7,ENSENADA,433.62,413.27,20.36,0
2016-08-21,8,ENSENADA,437.07,415.42,21.65,0
2016-08-21,9,ENSENADA,455.91,431.87,24.04,0
2016-08-21,10,ENSENADA,759,720.39,38.61,0
2016-08-21,11,ENSENADA,682.93,646.46,36.47,0
2016-08-21,12,ENSENADA,799.93,757.86,42.07,0
2016-08-21,13,ENSENADA,801.7,758.72,42.97,0
2016-08-21,14,ENSENADA,854.14,807.47,46.67,0
2016-08-21,15,ENSENADA,879.45,831.73,47.72,0
2016-08-21,16,ENSENADA,878.96,832.12,46.84,0
2016-08-21,17,ENSENADA,879.07,832.08,47,0
2016-08-21,18,ENSENADA,878.13,832.08,46.05,0
2016-08-21,19,ENSENADA,825.04,783.31,41.74,0
2016-08-21,20,ENSENADA,798.57,757.92,40.65,0
2016-08-21,21,ENSENADA,878.59,831.78,46.81,0
2016-08-21,22,ENSENADA,879.46,832.01,47.46,0
2016-08-21,23,ENSENADA,748.68,710.38,38.3,0
2016-08-21,24,ENSENADA,483.74,460.03,23.71,0
2016-08-21,1,MEXICALI,477.11,462.95,14.16,0
2016-08-21,2,MEXICALI,825.23,807.32,17.91,0
2016-08-21,3,MEXICALI,672.56,661.95,10.61,0
2016-08-21,4,MEXICALI,436.26,431.38,4.88,0
2016-08-21,5,MEXICALI,433.38,431.39,1.99,0
2016-08-21,6,MEXICALI,418.13,416.36,1.78,0
2016-08-21,7,MEXICALI,416.13,413.27,2.87,0
2016-08-21,8,MEXICALI,417.99,415.42,2.57,0
2016-08-21,9,MEXICALI,435.81,431.87,3.94,0
2016-08-21,10,MEXICALI,734.84,720.39,14.45,0
2016-08-21,11,MEXICALI,669.03,646.46,22.56,0
2016-08-21,12,MEXICALI,792.93,757.86,35.07,0
2016-08-21,13,MEXICALI,802.11,758.72,43.39,0
2016-08-21,14,MEXICALI,863.15,807.47,55.68,0
2016-08-21,15,MEXICALI,896.06,831.73,64.34,0
2016-08-21,16,MEXICALI,899.76,832.12,67.64,0
2016-08-21,17,MEXICALI,900.03,832.08,67.95,0
2016-08-21,18,MEXICALI,898.03,832.08,65.96,0
2016-08-21,19,MEXICALI,840.69,783.31,57.39,0
2016-08-21,20,MEXICALI,805.23,757.92,47.31,0
2016-08-21,21,MEXICALI,884.17,831.78,52.39,0
2016-08-21,22,MEXICALI,882.63,832.01,50.62,0
2016-08-21,23,MEXICALI,748.12,710.38,37.74,0
2016-08-21,24,MEXICALI,479.2,460.03,19.17,0
2016-08-21,1,SANLUIS,481.4,462.95,18.46,0
2016-08-21,2,SANLUIS,832.48,807.32,25.17,0
2016-08-21,3,SANLUIS,678.12,661.95,16.17,0
2016-08-21,4,SANLUIS,439.41,431.38,8.03,0
2016-08-21,5,SANLUIS,436.32,431.39,4.92,0
2016-08-21,6,SANLUIS,420.75,416.36,4.39,0
2016-08-21,7,SANLUIS,418.36,413.27,5.09,0
2016-08-21,8,SANLUIS,420.03,415.42,4.61,0
2016-08-21,9,SANLUIS,438.18,431.87,6.31,0
2016-08-21,10,SANLUIS,739.52,720.39,19.13,0
2016-08-21,11,SANLUIS,674.02,646.46,27.56,0
2016-08-21,12,SANLUIS,799.63,757.86,41.77,0
2016-08-21,13,SANLUIS,809.52,758.72,50.8,0
2016-08-21,14,SANLUIS,871.62,807.47,64.16,0
2016-08-21,15,SANLUIS,905.16,831.73,73.43,0
2016-08-21,16,SANLUIS,909.12,832.12,77,0
2016-08-21,17,SANLUIS,909.29,832.08,77.22,0
2016-08-21,18,SANLUIS,907.07,832.08,75,0
2016-08-21,19,SANLUIS,847.75,783.31,64.45,0
2016-08-21,20,SANLUIS,811.44,757.92,53.52,0
2016-08-21,21,SANLUIS,891.58,831.78,59.81,0
2016-08-21,22,SANLUIS,890.55,832.01,58.54,0
2016-08-21,23,SANLUIS,754.58,710.38,44.2,0
2016-08-21,24,SANLUIS,483.07,460.03,23.04,0
2016-08-21,1,TIJUANA,470.07,462.95,7.13,0
2016-08-21,2,TIJUANA,818.71,807.32,11.39,0
2016-08-21,3,TIJUANA,670.72,661.95,8.77,0
2016-08-21,4,TIJUANA,436.76,431.38,5.38,0
2016-08-21,5,TIJUANA,436.5,431.39,5.11,0
2016-08-21,6,TIJUANA,422.32,416.36,5.96,0
2016-08-21,7,TIJUANA,419,413.27,5.74,0
2016-08-21,8,TIJUANA,420.28,415.42,4.86,0
2016-08-21,9,TIJUANA,436.26,431.87,4.39,0
2016-08-21,10,TIJUANA,728.47,720.39,8.08,0
2016-08-21,11,TIJUANA,654.58,646.46,8.12,0
2016-08-21,12,TIJUANA,768,757.86,10.14,0
2016-08-21,13,TIJUANA,769.49,758.72,10.77,0
2016-08-21,14,TIJUANA,819.41,807.47,11.94,0
2016-08-21,15,TIJUANA,844.4,831.73,12.67,0
2016-08-21,16,TIJUANA,848.38,832.12,16.26,0
2016-08-21,17,TIJUANA,848.3,832.08,16.22,0
2016-08-21,18,TIJUANA,848.19,832.08,16.12,0
2016-08-21,19,TIJUANA,798.01,783.31,14.7,0
2016-08-21,20,TIJUANA,771.81,757.92,13.89,0
2016-08-21,21,TIJUANA,848.09,831.78,16.31,0
2016-08-21,22,TIJUANA,848.22,832.01,16.21,0
2016-08-21,23,TIJUANA,723.23,710.38,12.85,0
2016-08-21,24,TIJUANA,467.43,460.03,7.4,0
2016-08-22,1,ENSENADA,479,456.29,22.72,0
2016-08-22,2,ENSENADA,472.91,450.73,22.18,0
2016-08-22,3,ENSENADA,465.09,443.46,21.63,0
2016-08-22,4,ENSENADA,453.48,432.39,21.09,0
2016-08-22,5,ENSENADA,453.61,432.4,21.21,0
2016-08-22,6,ENSENADA,453.47,432.41,21.06,0
2016-08-22,7,ENSENADA,461.49,440.11,21.38,0
2016-08-22,8,ENSENADA,476.5,453.43,23.08,0
2016-08-22,9,ENSENADA,759.14,720.57,38.57,0
2016-08-22,10,ENSENADA,801,758.57,42.43,0
2016-08-22,11,ENSENADA,879,831.98,47.01,0
2016-08-22,12,ENSENADA,882.02,832.11,49.91,0
2016-08-22,13,ENSENADA,881.27,832,49.27,0
2016-08-22,14,ENSENADA,907.82,856.03,51.79,0
2016-08-22,15,ENSENADA,908.13,856.04,52.09,0
2016-08-22,16,ENSENADA,882.09,832.13,49.96,0
2016-08-22,17,ENSENADA,881.07,831.89,49.18,0
2016-08-22,18,ENSENADA,880.35,831.83,48.52,0
2016-08-22,19,ENSENADA,878.26,831.82,46.44,0
2016-08-22,20,ENSENADA,878.15,831.87,46.28,0
2016-08-22,21,ENSENADA,880.24,832.13,48.11,0
2016-08-22,22,ENSENADA,879.86,831.94,47.93,0
2016-08-22,23,ENSENADA,877.58,832.07,45.51,0
2016-08-22,24,ENSENADA,875.41,831.87,43.54,0
2016-08-22,1,MEXICALI,474.04,456.29,17.75,0
2016-08-22,2,MEXICALI,464.01,450.73,13.27,0
2016-08-22,3,MEXICALI,453.03,443.46,9.57,0
2016-08-22,4,MEXICALI,439.15,432.39,6.76,0
2016-08-22,5,MEXICALI,437.15,432.4,4.76,0
2016-08-22,6,MEXICALI,435.4,432.41,3,0
2016-08-22,7,MEXICALI,442.51,440.11,2.4,0
2016-08-22,8,MEXICALI,461.2,453.43,7.77,0
2016-08-22,9,MEXICALI,742.27,720.57,21.69,0
2016-08-22,10,MEXICALI,790.11,758.57,31.54,0
2016-08-22,11,MEXICALI,875.56,831.98,43.58,0
2016-08-22,12,MEXICALI,871,832.11,38.89,0
2016-08-22,13,MEXICALI,875.51,832,43.51,0
2016-08-22,14,MEXICALI,905.11,856.03,49.08,0
2016-08-22,15,MEXICALI,907.83,856.04,51.79,0
2016-08-22,16,MEXICALI,889.35,832.13,57.22,0
2016-08-22,17,MEXICALI,888.18,831.89,56.29,0
2016-08-22,18,MEXICALI,886.6,831.83,54.77,0
2016-08-22,19,MEXICALI,888.7,831.82,56.89,0
2016-08-22,20,MEXICALI,886.98,831.87,55.11,0
2016-08-22,21,MEXICALI,883.14,832.13,51.01,0
2016-08-22,22,MEXICALI,882.65,831.94,50.71,0
2016-08-22,23,MEXICALI,886.68,832.07,54.61,0
2016-08-22,24,MEXICALI,883.18,831.87,51.31,0
2016-08-22,1,SANLUIS,477.58,456.29,21.29,0
2016-08-22,2,SANLUIS,467.2,450.73,16.46,0
2016-08-22,3,SANLUIS,455.91,443.46,12.45,0
2016-08-22,4,SANLUIS,441.75,432.39,9.36,0
2016-08-22,5,SANLUIS,439.59,432.4,7.19,0
2016-08-22,6,SANLUIS,437.54,432.41,5.13,0
2016-08-22,7,SANLUIS,444.18,440.12,4.06,0
2016-08-22,8,SANLUIS,462.96,453.43,9.54,0
2016-08-22,9,SANLUIS,745.79,720.57,25.22,0
2016-08-22,10,SANLUIS,794.61,758.57,36.04,0
2016-08-22,11,SANLUIS,881.6,831.98,49.62,0
2016-08-22,12,SANLUIS,877.92,832.11,45.81,0
2016-08-22,13,SANLUIS,882.27,832,50.27,0
2016-08-22,14,SANLUIS,912.83,856.03,56.8,0
2016-08-22,15,SANLUIS,916.14,856.04,60.1,0
2016-08-22,16,SANLUIS,897.78,832.13,65.65,0
2016-08-22,17,SANLUIS,896.67,831.89,64.79,0
2016-08-22,18,SANLUIS,894.65,831.83,62.82,0
2016-08-22,19,SANLUIS,895.82,831.82,64,0
2016-08-22,20,SANLUIS,893.04,831.87,61.17,0
2016-08-22,21,SANLUIS,889.44,832.13,57.31,0
2016-08-22,22,SANLUIS,889.53,831.94,57.6,0
2016-08-22,23,SANLUIS,894.72,832.07,62.65,0
2016-08-22,24,SANLUIS,891.53,831.87,59.67,0
2016-08-22,1,TIJUANA,463.01,456.29,6.72,0
2016-08-22,2,TIJUANA,456.8,450.73,6.06,0
2016-08-22,3,TIJUANA,448.98,443.46,5.52,0
2016-08-22,4,TIJUANA,437.55,432.39,5.16,0
2016-08-22,5,TIJUANA,437.57,432.4,5.17,0
2016-08-22,6,TIJUANA,437.73,432.41,5.32,0
2016-08-22,7,TIJUANA,445.97,440.12,5.85,0
2016-08-22,8,TIJUANA,460.91,453.43,7.48,0
2016-08-22,9,TIJUANA,731.04,720.57,10.47,0
2016-08-22,10,TIJUANA,770.69,758.57,12.12,0
2016-08-22,11,TIJUANA,846.28,831.98,14.3,0
2016-08-22,12,TIJUANA,846.56,832.11,14.45,0
2016-08-22,13,TIJUANA,846.64,832,14.63,0
2016-08-22,14,TIJUANA,871.17,856.03,15.14,0
2016-08-22,15,TIJUANA,871.2,856.04,15.16,0
2016-08-22,16,TIJUANA,851.43,832.13,19.3,0
2016-08-22,17,TIJUANA,850.83,831.89,18.95,0
2016-08-22,18,TIJUANA,850.24,831.83,18.41,0
2016-08-22,19,TIJUANA,849.89,831.82,18.07,0
2016-08-22,20,TIJUANA,849.81,831.87,17.94,0
2016-08-22,21,TIJUANA,850.57,832.13,18.44,0
2016-08-22,22,TIJUANA,850.11,831.94,18.17,0
2016-08-22,23,TIJUANA,849.8,832.07,17.73,0
2016-08-22,24,TIJUANA,848.49,831.87,16.62,0
2016-08-23,1,ENSENADA,797.45,758.22,39.23,0
2016-08-23,2,ENSENADA,715.54,681.39,34.16,0
2016-08-23,3,ENSENADA,466.52,444.42,22.09,0
2016-08-23,4,ENSENADA,737.37,702.82,34.55,0
2016-08-23,5,ENSENADA,712.06,677.42,34.64,0
2016-08-23,6,ENSENADA,696.69,662.43,34.26,0
2016-08-23,7,ENSENADA,675.56,643.41,32.15,0
2016-08-23,8,ENSENADA,676.68,643.34,33.34,0
2016-08-23,9,ENSENADA,794.63,752.78,41.85,0
2016-08-23,10,ENSENADA,848.56,802.86,45.71,0
2016-08-23,11,ENSENADA,903.88,853.15,50.73,0
2016-08-23,12,ENSENADA,904.89,853.19,51.7,0
2016-08-23,13,ENSENADA,902.49,853.29,49.19,0
2016-08-23,14,ENSENADA,902.93,853.09,49.83,0
2016-08-23,15,ENSENADA,902.12,853.1,49.02,0
2016-08-23,16,ENSENADA,901.18,853.24,47.94,0
2016-08-23,17,ENSENADA,901.82,853.29,48.53,0
2016-08-23,18,ENSENADA,901.69,853.09,48.6,0
2016-08-23,19,ENSENADA,902.11,853.27,48.84,0
2016-08-23,20,ENSENADA,928.61,877.96,50.64,0
2016-08-23,21,ENSENADA,904.51,853.25,51.26,0
2016-08-23,22,ENSENADA,904.91,853.29,51.62,0
2016-08-23,23,ENSENADA,898.56,853.18,45.39,0
2016-08-23,24,ENSENADA,922.45,877.97,44.48,0
2016-08-23,1,MEXICALI,796.79,758.23,38.57,0
2016-08-23,2,MEXICALI,710.43,681.39,29.04,0
2016-08-23,3,MEXICALI,461.26,444.42,16.84,0
2016-08-23,4,MEXICALI,722.11,702.82,19.29,0
2016-08-23,5,MEXICALI,690.83,677.42,13.41,0
2016-08-23,6,MEXICALI,672.23,662.43,9.8,0
2016-08-23,7,MEXICALI,649.39,643.41,5.99,0
2016-08-23,8,MEXICALI,654.85,643.34,11.51,0
2016-08-23,9,MEXICALI,773.52,752.78,20.74,0
2016-08-23,10,MEXICALI,833.61,802.86,30.75,0
2016-08-23,11,MEXICALI,886.89,853.16,33.74,0
2016-08-23,12,MEXICALI,887.87,853.19,34.68,0
2016-08-23,13,MEXICALI,897.64,853.29,44.35,0
2016-08-23,14,MEXICALI,898.82,853.09,45.72,0
2016-08-23,15,MEXICALI,902.39,853.1,49.29,0
2016-08-23,16,MEXICALI,907.27,853.24,54.03,0
2016-08-23,17,MEXICALI,909.57,853.29,56.28,0
2016-08-23,18,MEXICALI,910.84,853.09,57.76,0
2016-08-23,19,MEXICALI,908.22,853.27,54.95,0
2016-08-23,20,MEXICALI,933.41,877.96,55.44,0
2016-08-23,21,MEXICALI,904.64,853.25,51.39,0
2016-08-23,22,MEXICALI,899.51,853.29,46.21,0
2016-08-23,23,MEXICALI,905.42,853.18,52.24,0
2016-08-23,24,MEXICALI,933.3,877.97,55.34,0
2016-08-23,1,SANLUIS,804.8,758.22,46.58,0
2016-08-23,2,SANLUIS,717.02,681.39,35.63,0
2016-08-23,3,SANLUIS,465.27,444.42,20.85,0
2016-08-23,4,SANLUIS,728.01,702.82,25.19,0
2016-08-23,5,SANLUIS,696.01,677.42,18.59,0
2016-08-23,6,SANLUIS,676.8,662.43,14.37,0
2016-08-23,7,SANLUIS,652.84,643.41,9.43,0
2016-08-23,8,SANLUIS,658.6,643.34,15.26,0
2016-08-23,9,SANLUIS,778.72,752.78,25.94,0
2016-08-23,10,SANLUIS,839.99,802.86,37.14,0
2016-08-23,11,SANLUIS,894.26,853.16,41.11,0
2016-08-23,12,SANLUIS,896.2,853.19,43.01,0
2016-08-23,13,SANLUIS,907.01,853.29,53.72,0
2016-08-23,14,SANLUIS,908.57,853.09,55.48,0
2016-08-23,15,SANLUIS,912.1,853.1,59,0
2016-08-23,16,SANLUIS,917.37,853.24,64.13,0
2016-08-23,17,SANLUIS,919.5,853.29,66.21,0
2016-08-23,18,SANLUIS,919.5,853.09,66.41,0
2016-08-23,19,SANLUIS,916.72,853.27,63.45,0
2016-08-23,20,SANLUIS,941.4,877.96,63.44,0
2016-08-23,21,SANLUIS,913.22,853.25,59.97,0
2016-08-23,22,SANLUIS,908.49,853.29,55.2,0
2016-08-23,23,SANLUIS,914.99,853.18,61.81,0
2016-08-23,24,SANLUIS,942.8,877.97,64.84,0
2016-08-23,1,TIJUANA,772.42,758.23,14.19,0
2016-08-23,2,TIJUANA,693.3,681.39,11.91,0
2016-08-23,3,TIJUANA,451.77,444.42,7.35,0
2016-08-23,4,TIJUANA,713.8,702.82,10.98,0
2016-08-23,5,TIJUANA,687.61,677.42,10.18,0
2016-08-23,6,TIJUANA,672.57,662.43,10.14,0
2016-08-23,7,TIJUANA,653.49,643.4,10.09,0
2016-08-23,8,TIJUANA,654.99,643.34,11.65,0
2016-08-23,9,TIJUANA,764.51,752.78,11.73,0
2016-08-23,10,TIJUANA,816.31,802.86,13.45,0
2016-08-23,11,TIJUANA,868.11,853.16,14.96,0
2016-08-23,12,TIJUANA,868.31,853.19,15.12,0
2016-08-23,13,TIJUANA,868.33,853.29,15.04,0
2016-08-23,14,TIJUANA,868.44,853.09,15.35,0
2016-08-23,15,TIJUANA,868.47,853.1,15.37,0
2016-08-23,16,TIJUANA,873.37,853.24,20.14,0
2016-08-23,17,TIJUANA,873.7,853.29,20.41,0
2016-08-23,18,TIJUANA,872.9,853.09,19.81,0
2016-08-23,19,TIJUANA,872.19,853.27,18.92,0
2016-08-23,20,TIJUANA,897.26,877.96,19.3,0
2016-08-23,21,TIJUANA,872.67,853.25,19.42,0
2016-08-23,22,TIJUANA,872.15,853.29,18.86,0
2016-08-23,23,TIJUANA,871.9,853.18,18.72,0
2016-08-23,24,TIJUANA,896.6,877.96,18.63,0
2016-08-24,1,ENSENADA,822.66,778.71,43.94,0
2016-08-24,2,ENSENADA,511.62,485.15,26.48,0
2016-08-24,3,ENSENADA,819.83,778.53,41.3,0
2016-08-24,4,ENSENADA,717.53,682.5,35.03,0
2016-08-24,5,ENSENADA,484.02,460.94,23.08,0
2016-08-24,6,ENSENADA,479.14,456.46,22.68,0
2016-08-24,7,ENSENADA,467.82,445.93,21.9,0
2016-08-24,8,ENSENADA,496.53,472.64,23.89,0
2016-08-24,9,ENSENADA,758.55,721.11,37.45,0
2016-08-24,10,ENSENADA,800.98,759.45,41.53,0
2016-08-24,11,ENSENADA,902.93,854.23,48.71,0
2016-08-24,12,ENSENADA,905.72,854.32,51.4,0
2016-08-24,13,ENSENADA,906.11,854.32,51.79,0
2016-08-24,14,ENSENADA,931.97,879.25,52.73,0
2016-08-24,15,ENSENADA,930.99,879.26,51.73,0
2016-08-24,16,ENSENADA,6734.29,1925.02,100.76,4708.51
2016-08-24,17,ENSENADA,6734.29,1937.18,100.23,4696.88
2016-08-24,18,ENSENADA,902.57,854.32,48.25,0
2016-08-24,19,ENSENADA,903.24,854.47,48.77,0
2016-08-24,20,ENSENADA,930.88,879.25,51.63,0
2016-08-24,21,ENSENADA,6734.29,1936.89,104.84,4692.57
2016-08-24,22,ENSENADA,6734.29,1936.21,101.58,4696.51
2016-08-24,23,ENSENADA,928.9,879.27,49.64,0
2016-08-24,24,ENSENADA,848.41,803.83,44.58,0
2016-08-24,1,MEXICALI,808.02,778.71,29.3,0
2016-08-24,2,MEXICALI,498.23,485.15,13.08,0
2016-08-24,3,MEXICALI,791.82,778.53,13.29,0
2016-08-24,4,MEXICALI,688.44,682.5,5.94,0
2016-08-24,5,MEXICALI,462.99,460.94,2.04,0
2016-08-24,6,MEXICALI,457.27,456.46,.8,0
2016-08-24,7,MEXICALI,444.01,445.93,-1.91,0
2016-08-24,8,MEXICALI,474.3,472.64,1.66,0
2016-08-24,9,MEXICALI,730.22,721.11,9.11,0
2016-08-24,10,MEXICALI,780.18,759.45,20.73,0
2016-08-24,11,MEXICALI,892,854.23,37.77,0
2016-08-24,12,MEXICALI,889.74,854.32,35.43,0
2016-08-24,13,MEXICALI,890.24,854.32,35.92,0
2016-08-24,14,MEXICALI,912.96,879.25,33.72,0
2016-08-24,15,MEXICALI,915.29,879.26,36.03,0
2016-08-24,16,MEXICALI,601.35,2241.26,105.97,-1745.88
2016-08-24,17,MEXICALI,616.83,2254.52,107.94,-1745.63
2016-08-24,18,MEXICALI,895.38,854.32,41.06,0
2016-08-24,19,MEXICALI,898.28,854.47,43.81,0
2016-08-24,20,MEXICALI,924.29,879.25,45.04,0
2016-08-24,21,MEXICALI,613.44,2249.43,109.03,-1745.03
2016-08-24,22,MEXICALI,612.35,2250.71,106.62,-1744.98
2016-08-24,23,MEXICALI,921.59,879.27,42.33,0
2016-08-24,24,MEXICALI,838.87,803.83,35.04,0
2016-08-24,1,SANLUIS,813.45,778.71,34.73,0
2016-08-24,2,SANLUIS,501.16,485.15,16.01,0
2016-08-24,3,SANLUIS,796.11,778.53,17.58,0
2016-08-24,4,SANLUIS,691.73,682.5,9.23,0
2016-08-24,5,SANLUIS,464.87,460.94,3.92,0
2016-08-24,6,SANLUIS,459.22,456.46,2.75,0
2016-08-24,7,SANLUIS,445,445.93,-.92,0
2016-08-24,8,SANLUIS,475.53,472.64,2.9,0
2016-08-24,9,SANLUIS,733.06,721.11,11.95,0
2016-08-24,10,SANLUIS,784.37,759.45,24.92,0
2016-08-24,11,SANLUIS,898.03,854.23,43.8,0
2016-08-24,12,SANLUIS,896.81,854.32,42.5,0
2016-08-24,13,SANLUIS,897.51,854.32,43.19,0
2016-08-24,14,SANLUIS,920.85,879.25,41.61,0
2016-08-24,15,SANLUIS,922.31,879.26,43.06,0
2016-08-24,16,SANLUIS,620.25,2241.26,124.87,-1745.88
2016-08-24,17,SANLUIS,635.43,2254.52,126.54,-1745.63
2016-08-24,18,SANLUIS,902.18,854.32,47.86,0
2016-08-24,19,SANLUIS,904.66,854.47,50.2,0
2016-08-24,20,SANLUIS,931.2,879.25,51.95,0
2016-08-24,21,SANLUIS,633.22,2249.44,128.81,-1745.03
2016-08-24,22,SANLUIS,630.02,2250.71,124.29,-1744.98
2016-08-24,23,SANLUIS,928.23,879.27,48.97,0
2016-08-24,24,SANLUIS,844.78,803.83,40.95,0
2016-08-24,1,TIJUANA,791.93,778.71,13.22,0
2016-08-24,2,TIJUANA,492.71,485.15,7.57,0
2016-08-24,3,TIJUANA,790.21,778.53,11.68,0
2016-08-24,4,TIJUANA,692.32,682.5,9.82,0
2016-08-24,5,TIJUANA,467.27,460.94,6.33,0
2016-08-24,6,TIJUANA,462.72,456.46,6.26,0
2016-08-24,7,TIJUANA,452.11,445.93,6.18,0
2016-08-24,8,TIJUANA,480.63,472.64,7.99,0
2016-08-24,9,TIJUANA,731.6,721.11,10.49,0
2016-08-24,10,TIJUANA,771.7,759.45,12.25,0
2016-08-24,11,TIJUANA,868.44,854.23,14.22,0
2016-08-24,12,TIJUANA,869.49,854.32,15.17,0
2016-08-24,13,TIJUANA,869.86,854.32,15.54,0
2016-08-24,14,TIJUANA,895.8,879.25,16.55,0
2016-08-24,15,TIJUANA,896.05,879.26,16.79,0
2016-08-24,16,TIJUANA,6557.16,2240.57,54.47,4262.12
2016-08-24,17,TIJUANA,6558.83,2253.81,54.73,4250.29
2016-08-24,18,TIJUANA,874.54,854.32,20.22,0
2016-08-24,19,TIJUANA,874.31,854.47,19.85,0
2016-08-24,20,TIJUANA,899.9,879.25,20.65,0
2016-08-24,21,TIJUANA,6542.53,2248.58,53.55,4240.39
2016-08-24,22,TIJUANA,6543.58,2249.89,53.14,4240.56
2016-08-24,23,TIJUANA,898.67,879.27,19.41,0
2016-08-24,24,TIJUANA,819.95,803.83,16.12,0
2016-08-25,1,ENSENADA,771.06,732.91,38.15,0
2016-08-25,2,ENSENADA,498.42,474.82,23.61,0
2016-08-25,3,ENSENADA,808.23,771.11,37.13,0
2016-08-25,4,ENSENADA,708.46,676.22,32.24,0
2016-08-25,5,ENSENADA,473.68,452.34,21.35,0
2016-08-25,6,ENSENADA,470.95,449.5,21.44,0
2016-08-25,7,ENSENADA,473.89,452.32,21.57,0
2016-08-25,8,ENSENADA,482.41,459.62,22.79,0
2016-08-25,9,ENSENADA,752.21,713.99,38.22,0
2016-08-25,10,ENSENADA,789.01,746.75,42.26,0
2016-08-25,11,ENSENADA,921.64,870.78,50.87,0
2016-08-25,12,ENSENADA,869.37,821.33,48.04,0
2016-08-25,13,ENSENADA,895.72,846.33,49.4,0
2016-08-25,14,ENSENADA,895.86,846.33,49.54,0
2016-08-25,15,ENSENADA,895.24,846.26,48.98,0
2016-08-25,16,ENSENADA,894.3,846.25,48.05,0
2016-08-25,17,ENSENADA,867.84,821.44,46.4,0
2016-08-25,18,ENSENADA,894.53,846.13,48.4,0
2016-08-25,19,ENSENADA,893.83,846.15,47.68,0
2016-08-25,20,ENSENADA,894.41,846.14,48.27,0
2016-08-25,21,ENSENADA,895.24,846.34,48.9,0
2016-08-25,22,ENSENADA,894.17,846.34,47.83,0
2016-08-25,23,ENSENADA,891.41,846.02,45.39,0
2016-08-25,24,ENSENADA,891.16,846.28,44.88,0
2016-08-25,1,MEXICALI,755.18,732.9,22.28,0
2016-08-25,2,MEXICALI,486.57,474.82,11.76,0
2016-08-25,3,MEXICALI,784.16,771.11,13.06,0
2016-08-25,4,MEXICALI,682.24,676.22,6.02,0
2016-08-25,5,MEXICALI,453.79,452.34,1.45,0
2016-08-25,6,MEXICALI,448.89,449.5,-.62,0
2016-08-25,7,MEXICALI,449.79,452.32,-2.53,0
2016-08-25,8,MEXICALI,458.93,459.62,-.69,0
2016-08-25,9,MEXICALI,718.81,713.99,4.82,0
2016-08-25,10,MEXICALI,759.65,746.75,12.9,0
2016-08-25,11,MEXICALI,894.32,870.78,23.54,0
2016-08-25,12,MEXICALI,849.21,821.33,27.88,0
2016-08-25,13,MEXICALI,881.79,846.33,35.46,0
2016-08-25,14,MEXICALI,880.75,846.33,34.42,0
2016-08-25,15,MEXICALI,885.2,846.26,38.94,0
2016-08-25,16,MEXICALI,887.8,846.25,41.56,0
2016-08-25,17,MEXICALI,862.49,821.44,41.05,0
2016-08-25,18,MEXICALI,893.55,846.13,47.42,0
2016-08-25,19,MEXICALI,894.24,846.15,48.1,0
2016-08-25,20,MEXICALI,889.06,846.14,42.92,0
2016-08-25,21,MEXICALI,886.09,846.34,39.75,0
2016-08-25,22,MEXICALI,888.84,846.34,42.5,0
2016-08-25,23,MEXICALI,893.54,846.02,47.51,0
2016-08-25,24,MEXICALI,889.67,846.28,43.39,0
2016-08-25,1,SANLUIS,760.29,732.9,27.38,0
2016-08-25,2,SANLUIS,489.47,474.82,14.66,0
2016-08-25,3,SANLUIS,788.32,771.11,17.21,0
2016-08-25,4,SANLUIS,685.51,676.22,9.29,0
2016-08-25,5,SANLUIS,455.67,452.34,3.34,0
2016-08-25,6,SANLUIS,450.39,449.51,.89,0
2016-08-25,7,SANLUIS,450.7,452.32,-1.62,0
2016-08-25,8,SANLUIS,460.06,459.62,.44,0
2016-08-25,9,SANLUIS,721.68,713.99,7.68,0
2016-08-25,10,SANLUIS,763.35,746.75,16.6,0
2016-08-25,11,SANLUIS,899.63,870.78,28.85,0
2016-08-25,12,SANLUIS,855.42,821.33,34.09,0
2016-08-25,13,SANLUIS,888.02,846.33,41.69,0
2016-08-25,14,SANLUIS,887.25,846.33,40.92,0
2016-08-25,15,SANLUIS,890.91,846.26,44.65,0
2016-08-25,16,SANLUIS,893.85,846.25,47.6,0
2016-08-25,17,SANLUIS,868.31,821.44,46.87,0
2016-08-25,18,SANLUIS,899.08,846.13,52.96,0
2016-08-25,19,SANLUIS,899.58,846.15,53.43,0
2016-08-25,20,SANLUIS,894.66,846.14,48.52,0
2016-08-25,21,SANLUIS,892.38,846.34,46.03,0
2016-08-25,22,SANLUIS,895.29,846.34,48.95,0
2016-08-25,23,SANLUIS,900.3,846.02,54.28,0
2016-08-25,24,SANLUIS,896.29,846.28,50.02,0
2016-08-25,1,TIJUANA,745.77,732.91,12.86,0
2016-08-25,2,TIJUANA,482.64,474.82,7.83,0
2016-08-25,3,TIJUANA,783.06,771.11,11.96,0
2016-08-25,4,TIJUANA,686.2,676.22,9.98,0
2016-08-25,5,TIJUANA,458.86,452.34,6.53,0
2016-08-25,6,TIJUANA,456.11,449.5,6.61,0
2016-08-25,7,TIJUANA,459.22,452.32,6.9,0
2016-08-25,8,TIJUANA,467.57,459.62,7.95,0
2016-08-25,9,TIJUANA,725.51,713.99,11.52,0
2016-08-25,10,TIJUANA,759.72,746.75,12.97,0
2016-08-25,11,TIJUANA,886.93,870.78,16.15,0
2016-08-25,12,TIJUANA,837.05,821.33,15.72,0
2016-08-25,13,TIJUANA,862.51,846.33,16.18,0
2016-08-25,14,TIJUANA,862.72,846.33,16.39,0
2016-08-25,15,TIJUANA,862.73,846.26,16.47,0
2016-08-25,16,TIJUANA,866.12,846.25,19.88,0
2016-08-25,17,TIJUANA,840.44,821.44,19,0
2016-08-25,18,TIJUANA,865.21,846.13,19.08,0
2016-08-25,19,TIJUANA,864.89,846.15,18.74,0
2016-08-25,20,TIJUANA,864.83,846.14,18.69,0
2016-08-25,21,TIJUANA,865.48,846.34,19.14,0
2016-08-25,22,TIJUANA,865.24,846.34,18.9,0
2016-08-25,23,TIJUANA,864.13,846.02,18.1,0
2016-08-25,24,TIJUANA,863.36,846.28,17.08,0
2016-08-26,1,ENSENADA,733.58,698.59,34.99,0
2016-08-26,2,ENSENADA,712.42,679.62,32.8,0
2016-08-26,3,ENSENADA,478.88,457.96,20.92,0
2016-08-26,4,ENSENADA,769.85,736.59,33.26,0
2016-08-26,5,ENSENADA,691.45,660.78,30.66,0
2016-08-26,6,ENSENADA,690.83,660.6,30.23,0
2016-08-26,7,ENSENADA,710.32,679.43,30.89,0
2016-08-26,8,ENSENADA,478.1,456.62,21.47,0
2016-08-26,9,ENSENADA,735.9,698.68,37.22,0
2016-08-26,10,ENSENADA,779.15,736.77,42.38,0
2016-08-26,11,ENSENADA,876.15,825.39,50.76,0
2016-08-26,12,ENSENADA,929.52,875.35,54.18,0
2016-08-26,13,ENSENADA,902.02,850.54,51.48,0
2016-08-26,14,ENSENADA,928.35,875.35,52.99,0
2016-08-26,15,ENSENADA,901.75,850.56,51.2,0
2016-08-26,16,ENSENADA,900.92,850.51,50.42,0
2016-08-26,17,ENSENADA,901.33,850.72,50.6,0
2016-08-26,18,ENSENADA,927.32,875.33,51.98,0
2016-08-26,19,ENSENADA,924.86,875.35,49.52,0
2016-08-26,20,ENSENADA,872.33,825.47,46.87,0
2016-08-26,21,ENSENADA,902.05,850.52,51.53,0
2016-08-26,22,ENSENADA,901.93,850.57,51.36,0
2016-08-26,23,ENSENADA,873.19,825.35,47.84,0
2016-08-26,24,ENSENADA,817.81,774.78,43.03,0
2016-08-26,1,MEXICALI,723.25,698.59,24.66,0
2016-08-26,2,MEXICALI,698.86,679.62,19.24,0
2016-08-26,3,MEXICALI,467.38,457.96,9.42,0
2016-08-26,4,MEXICALI,746.38,736.59,9.78,0
2016-08-26,5,MEXICALI,665.66,660.78,4.88,0
2016-08-26,6,MEXICALI,662.71,660.6,2.11,0
2016-08-26,7,MEXICALI,678.91,679.43,-.52,0
2016-08-26,8,MEXICALI,457.96,456.62,1.34,0
2016-08-26,9,MEXICALI,703.78,698.68,5.1,0
2016-08-26,10,MEXICALI,748.58,736.77,11.81,0
2016-08-26,11,MEXICALI,844.68,825.39,19.29,0
2016-08-26,12,MEXICALI,906.49,875.35,31.14,0
2016-08-26,13,MEXICALI,881.47,850.54,30.93,0
2016-08-26,14,MEXICALI,911.12,875.35,35.77,0
2016-08-26,15,MEXICALI,890.45,850.56,39.89,0
2016-08-26,16,MEXICALI,893.82,850.51,43.32,0
2016-08-26,17,MEXICALI,897.38,850.72,46.66,0
2016-08-26,18,MEXICALI,929.3,875.33,53.96,0
2016-08-26,19,MEXICALI,929.61,875.35,54.27,0
2016-08-26,20,MEXICALI,869.01,825.47,43.55,0
2016-08-26,21,MEXICALI,893.79,850.52,43.27,0
2016-08-26,22,MEXICALI,892.96,850.57,42.39,0
2016-08-26,23,MEXICALI,864.47,825.35,39.12,0
2016-08-26,24,MEXICALI,808.19,774.78,33.42,0
2016-08-26,1,SANLUIS,727.55,698.59,28.97,0
2016-08-26,2,SANLUIS,702.65,679.62,23.02,0
2016-08-26,3,SANLUIS,469.64,457.96,11.69,0
2016-08-26,4,SANLUIS,749.43,736.59,12.83,0
2016-08-26,5,SANLUIS,668.04,660.78,7.26,0
2016-08-26,6,SANLUIS,664.72,660.6,4.12,0
2016-08-26,7,SANLUIS,680.25,679.43,.82,0
2016-08-26,8,SANLUIS,459.11,456.62,2.49,0
2016-08-26,9,SANLUIS,706,698.68,7.32,0
2016-08-26,10,SANLUIS,751.62,736.77,14.85,0
2016-08-26,11,SANLUIS,848.96,825.39,23.57,0
2016-08-26,12,SANLUIS,911.78,875.35,36.43,0
2016-08-26,13,SANLUIS,886.91,850.54,36.37,0
2016-08-26,14,SANLUIS,916.69,875.35,41.34,0
2016-08-26,15,SANLUIS,895.28,850.56,44.73,0
2016-08-26,16,SANLUIS,898.85,850.51,48.35,0
2016-08-26,17,SANLUIS,902.59,850.72,51.86,0
2016-08-26,18,SANLUIS,934.4,875.33,59.07,0
2016-08-26,19,SANLUIS,935.13,875.35,59.78,0
2016-08-26,20,SANLUIS,873.67,825.47,48.2,0
2016-08-26,21,SANLUIS,898.66,850.52,48.15,0
2016-08-26,22,SANLUIS,898.38,850.57,47.81,0
2016-08-26,23,SANLUIS,870.32,825.35,44.97,0
2016-08-26,24,SANLUIS,813.97,774.78,39.19,0
2016-08-26,1,TIJUANA,711.64,698.59,13.06,0
2016-08-26,2,TIJUANA,691.19,679.62,11.57,0
2016-08-26,3,TIJUANA,465.26,457.96,7.31,0
2016-08-26,4,TIJUANA,747.77,736.59,11.18,0
2016-08-26,5,TIJUANA,670.51,660.78,9.73,0
2016-08-26,6,TIJUANA,670.5,660.6,9.9,0
2016-08-26,7,TIJUANA,689.97,679.43,10.54,0
2016-08-26,8,TIJUANA,464.59,456.62,7.96,0
2016-08-26,9,TIJUANA,709.74,698.68,11.06,0
2016-08-26,10,TIJUANA,749.34,736.77,12.57,0
2016-08-26,11,TIJUANA,840.37,825.39,14.98,0
2016-08-26,12,TIJUANA,891.95,875.35,16.61,0
2016-08-26,13,TIJUANA,866.7,850.54,16.17,0
2016-08-26,14,TIJUANA,892.13,875.35,16.78,0
2016-08-26,15,TIJUANA,866.63,850.56,16.08,0
2016-08-26,16,TIJUANA,869.9,850.51,19.39,0
2016-08-26,17,TIJUANA,869.82,850.72,19.09,0
2016-08-26,18,TIJUANA,894.36,875.33,19.02,0
2016-08-26,19,TIJUANA,894.03,875.35,18.69,0
2016-08-26,20,TIJUANA,842.38,825.47,16.92,0
2016-08-26,21,TIJUANA,868.64,850.52,18.13,0
2016-08-26,22,TIJUANA,868.64,850.57,18.07,0
2016-08-26,23,TIJUANA,842.12,825.35,16.77,0
2016-08-26,24,TIJUANA,789.58,774.78,14.8,0
2016-08-27,1,ENSENADA,779.17,746.18,32.99,0
2016-08-27,2,ENSENADA,493.73,473.51,20.22,0
2016-08-27,3,ENSENADA,497.09,477.12,19.98,0
2016-08-27,4,ENSENADA,490.69,471.26,19.42,0
2016-08-27,5,ENSENADA,487.01,468.29,18.72,0
2016-08-27,6,ENSENADA,506.65,486.81,19.84,0
2016-08-27,7,ENSENADA,503.37,483.76,19.61,0
2016-08-27,8,ENSENADA,496.91,475.1,21.81,0
2016-08-27,9,ENSENADA,506.06,482.21,23.84,0
2016-08-27,10,ENSENADA,505.73,480.9,24.83,0
2016-08-27,11,ENSENADA,729.48,692.33,37.15,0
2016-08-27,12,ENSENADA,833.14,790.19,42.95,0
2016-08-27,13,ENSENADA,859.19,815.08,44.1,0
2016-08-27,14,ENSENADA,884.11,839.84,44.27,0
2016-08-27,15,ENSENADA,886.17,839.62,46.55,0
2016-08-27,16,ENSENADA,885.93,839.87,46.06,0
2016-08-27,17,ENSENADA,910.13,864.12,46.01,0
2016-08-27,18,ENSENADA,884.15,839.85,44.29,0
2016-08-27,19,ENSENADA,884.07,839.64,44.43,0
2016-08-27,20,ENSENADA,780,741.19,38.81,0
2016-08-27,21,ENSENADA,834.51,790.25,44.26,0
2016-08-27,22,ENSENADA,786.38,746.41,39.97,0
2016-08-27,23,ENSENADA,724.56,689.85,34.71,0
2016-08-27,24,ENSENADA,780.22,746.12,34.1,0
2016-08-27,1,MEXICALI,778.09,746.18,31.92,0
2016-08-27,2,MEXICALI,490.08,473.51,16.57,0
2016-08-27,3,MEXICALI,489.81,477.12,12.69,0
2016-08-27,4,MEXICALI,484.18,471.26,12.92,0
2016-08-27,5,MEXICALI,480.88,468.29,12.58,0
2016-08-27,6,MEXICALI,488.91,486.81,2.1,0
2016-08-27,7,MEXICALI,485.59,483.76,1.83,0
2016-08-27,8,MEXICALI,482.98,475.1,7.88,0
2016-08-27,9,MEXICALI,489.13,482.21,6.92,0
2016-08-27,10,MEXICALI,490.29,480.9,9.39,0
2016-08-27,11,MEXICALI,713.87,692.33,21.54,0
2016-08-27,12,MEXICALI,826.06,790.19,35.87,0
2016-08-27,13,MEXICALI,863.01,815.08,47.93,0
2016-08-27,14,MEXICALI,897.25,839.84,57.41,0
2016-08-27,15,MEXICALI,895.29,839.62,55.67,0
2016-08-27,16,MEXICALI,899.32,839.87,59.44,0
2016-08-27,17,MEXICALI,927.54,864.12,63.42,0
2016-08-27,18,MEXICALI,901.55,839.85,61.7,0
2016-08-27,19,MEXICALI,893.18,839.64,53.54,0
2016-08-27,20,MEXICALI,779.97,741.19,38.79,0
2016-08-27,21,MEXICALI,828.99,790.25,38.74,0
2016-08-27,22,MEXICALI,780.74,746.41,34.34,0
2016-08-27,23,MEXICALI,718.39,689.85,28.54,0
2016-08-27,24,MEXICALI,771.75,746.12,25.63,0
2016-08-27,1,SANLUIS,784.52,746.18,38.34,0
2016-08-27,2,SANLUIS,493.82,473.51,20.31,0
2016-08-27,3,SANLUIS,493.24,477.11,16.13,0
2016-08-27,4,SANLUIS,487.3,471.26,16.04,0
2016-08-27,5,SANLUIS,483.8,468.29,15.51,0
2016-08-27,6,SANLUIS,491.26,486.81,4.45,0
2016-08-27,7,SANLUIS,487.44,483.76,3.69,0
2016-08-27,8,SANLUIS,485.08,475.1,9.98,0
2016-08-27,9,SANLUIS,491.49,482.21,9.28,0
2016-08-27,10,SANLUIS,493.12,480.9,12.22,0
2016-08-27,11,SANLUIS,718.78,692.33,26.45,0
2016-08-27,12,SANLUIS,832.83,790.19,42.64,0
2016-08-27,13,SANLUIS,871.06,815.08,55.98,0
2016-08-27,14,SANLUIS,906.3,839.84,66.46,0
2016-08-27,15,SANLUIS,904.9,839.62,65.28,0
2016-08-27,16,SANLUIS,909.12,839.87,69.24,0
2016-08-27,17,SANLUIS,937.45,864.12,73.33,0
2016-08-27,18,SANLUIS,910.67,839.85,70.81,0
2016-08-27,19,SANLUIS,901.57,839.64,61.93,0
2016-08-27,20,SANLUIS,786.89,741.19,45.7,0
2016-08-27,21,SANLUIS,836.84,790.25,46.58,0
2016-08-27,22,SANLUIS,787.91,746.41,41.51,0
2016-08-27,23,SANLUIS,724.94,689.85,35.1,0
2016-08-27,24,SANLUIS,778.53,746.12,32.41,0
2016-08-27,1,TIJUANA,758.87,746.18,12.69,0
2016-08-27,2,TIJUANA,481.05,473.51,7.54,0
2016-08-27,3,TIJUANA,484.17,477.12,7.06,0
2016-08-27,4,TIJUANA,478.15,471.26,6.89,0
2016-08-27,5,TIJUANA,475.17,468.29,6.88,0
2016-08-27,6,TIJUANA,493.03,486.81,6.22,0
2016-08-27,7,TIJUANA,489.95,483.76,6.19,0
2016-08-27,8,TIJUANA,482.2,475.1,7.1,0
2016-08-27,9,TIJUANA,488.46,482.21,6.25,0
2016-08-27,10,TIJUANA,487.61,480.9,6.71,0
2016-08-27,11,TIJUANA,702.82,692.33,10.49,0
2016-08-27,12,TIJUANA,803.05,790.19,12.86,0
2016-08-27,13,TIJUANA,828.9,815.08,13.82,0
2016-08-27,14,TIJUANA,854.26,839.84,14.42,0
2016-08-27,15,TIJUANA,853.71,839.62,14.09,0
2016-08-27,16,TIJUANA,857.18,839.87,17.31,0
2016-08-27,17,TIJUANA,881.7,864.12,17.59,0
2016-08-27,18,TIJUANA,856.53,839.85,16.67,0
2016-08-27,19,TIJUANA,855.62,839.64,15.99,0
2016-08-27,20,TIJUANA,754.85,741.19,13.66,0
2016-08-27,21,TIJUANA,805.59,790.25,15.34,0
2016-08-27,22,TIJUANA,760.75,746.41,14.34,0
2016-08-27,23,TIJUANA,702.26,689.85,12.41,0
2016-08-27,24,TIJUANA,758.47,746.12,12.35,0
2016-08-28,1,ENSENADA,742.42,708.4,34.02,0
2016-08-28,2,ENSENADA,464.42,443.87,20.54,0
2016-08-28,3,ENSENADA,459.92,438.94,20.98,0
2016-08-28,4,ENSENADA,457.82,436.93,20.89,0
2016-08-28,5,ENSENADA,456.08,435.35,20.73,0
2016-08-28,6,ENSENADA,453.08,433.01,20.07,0
2016-08-28,7,ENSENADA,450.88,429.91,20.97,0
2016-08-28,8,ENSENADA,453.66,431.56,22.1,0
2016-08-28,9,ENSENADA,459.3,435.64,23.65,0
2016-08-28,10,ENSENADA,461.08,437.83,23.24,0
2016-08-28,11,ENSENADA,726.07,689.73,36.34,0
2016-08-28,12,ENSENADA,480.33,456.5,23.83,0
2016-08-28,13,ENSENADA,667.57,633.81,33.77,0
2016-08-28,14,ENSENADA,766.46,727.41,39.05,0
2016-08-28,15,ENSENADA,747.41,708.74,38.67,0
2016-08-28,16,ENSENADA,780.92,741.04,39.88,0
2016-08-28,17,ENSENADA,781.39,741.23,40.17,0
2016-08-28,18,ENSENADA,755.44,716.67,38.77,0
2016-08-28,19,ENSENADA,703.39,667.84,35.56,0
2016-08-28,20,ENSENADA,707.22,671.27,35.95,0
2016-08-28,21,ENSENADA,808.14,765.53,42.6,0
2016-08-28,22,ENSENADA,788.4,746.04,42.36,0
2016-08-28,23,ENSENADA,703.25,667.8,35.45,0
2016-08-28,24,ENSENADA,752.89,716.6,36.29,0
2016-08-28,1,MEXICALI,720.96,708.4,12.57,0
2016-08-28,2,MEXICALI,448.95,443.87,5.08,0
2016-08-28,3,MEXICALI,441.04,438.94,2.09,0
2016-08-28,4,MEXICALI,438.7,436.93,1.77,0
2016-08-28,5,MEXICALI,437.15,435.35,1.8,0
2016-08-28,6,MEXICALI,435.28,433.01,2.27,0
2016-08-28,7,MEXICALI,432.95,429.91,3.04,0
2016-08-28,8,MEXICALI,434.15,431.56,2.59,0
2016-08-28,9,MEXICALI,436.81,435.64,1.17,0
2016-08-28,10,MEXICALI,439.45,437.83,1.62,0
2016-08-28,11,MEXICALI,697.57,689.73,7.84,0
2016-08-28,12,MEXICALI,466.34,456.5,9.84,0
2016-08-28,13,MEXICALI,653.15,633.81,19.35,0
2016-08-28,14,MEXICALI,757.03,727.41,29.62,0
2016-08-28,15,MEXICALI,743.96,708.74,35.22,0
2016-08-28,16,MEXICALI,782.4,741.04,41.35,0
2016-08-28,17,MEXICALI,783.02,741.22,41.8,0
2016-08-28,18,MEXICALI,755.61,716.67,38.94,0
2016-08-28,19,MEXICALI,699.79,667.84,31.96,0
2016-08-28,20,MEXICALI,701.15,671.27,29.87,0
2016-08-28,21,MEXICALI,802.56,765.53,37.03,0
2016-08-28,22,MEXICALI,781.71,746.04,35.67,0
2016-08-28,23,MEXICALI,695.73,667.8,27.93,0
2016-08-28,24,MEXICALI,740.33,716.6,23.73,0
2016-08-28,1,SANLUIS,726.43,708.4,18.03,0
2016-08-28,2,SANLUIS,452.37,443.87,8.5,0
2016-08-28,3,SANLUIS,444.17,438.94,5.23,0
2016-08-28,4,SANLUIS,441.55,436.93,4.62,0
2016-08-28,5,SANLUIS,439.62,435.35,4.28,0
2016-08-28,6,SANLUIS,437.52,433.01,4.51,0
2016-08-28,7,SANLUIS,434.77,429.91,4.86,0
2016-08-28,8,SANLUIS,435.93,431.56,4.37,0
2016-08-28,9,SANLUIS,438.85,435.64,3.2,0
2016-08-28,10,SANLUIS,441.95,437.83,4.12,0
2016-08-28,11,SANLUIS,702.32,689.73,12.59,0
2016-08-28,12,SANLUIS,470.07,456.5,13.57,0
2016-08-28,13,SANLUIS,658.95,633.81,25.15,0
2016-08-28,14,SANLUIS,764.3,727.41,36.89,0
2016-08-28,15,SANLUIS,751.48,708.74,42.73,0
2016-08-28,16,SANLUIS,790.45,741.04,49.41,0
2016-08-28,17,SANLUIS,791.02,741.23,49.8,0
2016-08-28,18,SANLUIS,763.07,716.67,46.4,0
2016-08-28,19,SANLUIS,705.79,667.84,37.96,0
2016-08-28,20,SANLUIS,706.46,671.27,35.19,0
2016-08-28,21,SANLUIS,808.93,765.53,43.4,0
2016-08-28,22,SANLUIS,788.12,746.04,42.08,0
2016-08-28,23,SANLUIS,701.16,667.8,33.36,0
2016-08-28,24,SANLUIS,745.68,716.6,29.08,0
2016-08-28,1,TIJUANA,718.46,708.4,10.06,0
2016-08-28,2,TIJUANA,449.74,443.87,5.86,0
2016-08-28,3,TIJUANA,444.3,438.94,5.36,0
2016-08-28,4,TIJUANA,442.13,436.93,5.2,0
2016-08-28,5,TIJUANA,440.49,435.35,5.15,0
2016-08-28,6,TIJUANA,437.82,433.01,4.81,0
2016-08-28,7,TIJUANA,434.68,429.91,4.77,0
2016-08-28,8,TIJUANA,436.5,431.56,4.94,0
2016-08-28,9,TIJUANA,439.92,435.64,4.28,0
2016-08-28,10,TIJUANA,442.28,437.83,4.45,0
2016-08-28,11,TIJUANA,697.49,689.73,7.76,0
2016-08-28,12,TIJUANA,462.09,456.5,5.59,0
2016-08-28,13,TIJUANA,642.05,633.81,8.24,0
2016-08-28,14,TIJUANA,737.46,727.41,10.05,0
2016-08-28,15,TIJUANA,719.04,708.74,10.29,0
2016-08-28,16,TIJUANA,754.57,741.04,13.53,0
2016-08-28,17,TIJUANA,754.84,741.23,13.61,0
2016-08-28,18,TIJUANA,729.62,716.67,12.96,0
2016-08-28,19,TIJUANA,679.46,667.84,11.63,0
2016-08-28,20,TIJUANA,683.31,671.27,12.03,0
2016-08-28,21,TIJUANA,780.32,765.53,14.79,0
2016-08-28,22,TIJUANA,760.26,746.04,14.23,0
2016-08-28,23,TIJUANA,679.67,667.8,11.87,0
2016-08-28,24,TIJUANA,727.97,716.6,11.37,0
2016-08-29,1,ENSENADA,749.51,716.57,32.94,0
2016-08-29,2,ENSENADA,469.14,449.27,19.87,0
2016-08-29,3,ENSENADA,454.94,436.2,18.73,0
2016-08-29,4,ENSENADA,452.13,434.25,17.88,0
2016-08-29,5,ENSENADA,452.03,434.09,17.95,0
2016-08-29,6,ENSENADA,456.02,437.9,18.12,0
2016-08-29,7,ENSENADA,457.61,439.06,18.55,0
2016-08-29,8,ENSENADA,476.31,455.78,20.53,0
2016-08-29,9,ENSENADA,723.02,689.86,33.16,0
2016-08-29,10,ENSENADA,804.74,765.62,39.13,0
2016-08-29,11,ENSENADA,884.25,839.78,44.47,0
2016-08-29,12,ENSENADA,912.35,864.11,48.24,0
2016-08-29,13,ENSENADA,892.28,839.94,52.35,0
2016-08-29,14,ENSENADA,891.16,839.75,51.41,0
2016-08-29,15,ENSENADA,891.81,839.72,52.09,0
2016-08-29,16,ENSENADA,916.92,864.11,52.82,0
2016-08-29,17,ENSENADA,889.88,839.9,49.98,0
2016-08-29,18,ENSENADA,889.68,839.89,49.79,0
2016-08-29,19,ENSENADA,888.14,839.85,48.29,0
2016-08-29,20,ENSENADA,889.33,839.92,49.42,0
2016-08-29,21,ENSENADA,890.51,839.91,50.6,0
2016-08-29,22,ENSENADA,862.86,815.68,47.18,0
2016-08-29,23,ENSENADA,886.91,839.88,47.03,0
2016-08-29,24,ENSENADA,833.08,790.09,42.99,0
2016-08-29,1,MEXICALI,733.12,716.57,16.55,0
2016-08-29,2,MEXICALI,456.29,449.27,7.02,0
2016-08-29,3,MEXICALI,440.58,436.2,4.37,0
2016-08-29,4,MEXICALI,438.69,434.25,4.45,0
2016-08-29,5,MEXICALI,437.84,434.09,3.76,0
2016-08-29,6,MEXICALI,439.58,437.9,1.68,0
2016-08-29,7,MEXICALI,439.75,439.06,.68,0
2016-08-29,8,MEXICALI,459.24,455.78,3.46,0
2016-08-29,9,MEXICALI,704.49,689.86,14.63,0
2016-08-29,10,MEXICALI,793.37,765.62,27.76,0
2016-08-29,11,MEXICALI,879.98,839.78,40.2,0
2016-08-29,12,MEXICALI,905.47,864.11,41.36,0
2016-08-29,13,MEXICALI,889.15,839.94,49.22,0
2016-08-29,14,MEXICALI,891.63,839.75,51.88,0
2016-08-29,15,MEXICALI,888.78,839.72,49.06,0
2016-08-29,16,MEXICALI,920.9,864.11,56.79,0
2016-08-29,17,MEXICALI,895.61,839.9,55.71,0
2016-08-29,18,MEXICALI,892.94,839.89,53.05,0
2016-08-29,19,MEXICALI,894.69,839.85,54.85,0
2016-08-29,20,MEXICALI,892.51,839.92,52.59,0
2016-08-29,21,MEXICALI,888.21,839.91,48.3,0
2016-08-29,22,MEXICALI,864.42,815.68,48.74,0
2016-08-29,23,MEXICALI,891.31,839.88,51.43,0
2016-08-29,24,MEXICALI,834.87,790.09,44.79,0
2016-08-29,1,SANLUIS,738.86,716.57,22.29,0
2016-08-29,2,SANLUIS,459.53,449.27,10.26,0
2016-08-29,3,SANLUIS,443.42,436.2,7.22,0
2016-08-29,4,SANLUIS,441.44,434.25,7.2,0
2016-08-29,5,SANLUIS,440.36,434.09,6.28,0
2016-08-29,6,SANLUIS,441.71,437.9,3.81,0
2016-08-29,7,SANLUIS,441.33,439.06,2.27,0
2016-08-29,8,SANLUIS,461.14,455.78,5.36,0
2016-08-29,9,SANLUIS,707.89,689.86,18.03,0
2016-08-29,10,SANLUIS,797.93,765.62,32.31,0
2016-08-29,11,SANLUIS,886.05,839.78,46.27,0
2016-08-29,12,SANLUIS,912.23,864.11,48.12,0
2016-08-29,13,SANLUIS,895.33,839.94,55.39,0
2016-08-29,14,SANLUIS,898.88,839.75,59.14,0
2016-08-29,15,SANLUIS,897.25,839.72,57.53,0
2016-08-29,16,SANLUIS,929.86,864.11,65.76,0
2016-08-29,17,SANLUIS,904.17,839.9,64.27,0
2016-08-29,18,SANLUIS,901.56,839.89,61.67,0
2016-08-29,19,SANLUIS,901.93,839.85,62.08,0
2016-08-29,20,SANLUIS,899.17,839.92,59.25,0
2016-08-29,21,SANLUIS,895.32,839.91,55.41,0
2016-08-29,22,SANLUIS,871.47,815.68,55.8,0
2016-08-29,23,SANLUIS,899.53,839.88,59.65,0
2016-08-29,24,SANLUIS,842.48,790.09,52.39,0
2016-08-29,1,TIJUANA,726.34,716.57,9.76,0
2016-08-29,2,TIJUANA,454.86,449.27,5.59,0
2016-08-29,3,TIJUANA,441.37,436.2,5.16,0
2016-08-29,4,TIJUANA,439.36,434.25,5.11,0
2016-08-29,5,TIJUANA,439.27,434.09,5.18,0
2016-08-29,6,TIJUANA,443.34,437.9,5.44,0
2016-08-29,7,TIJUANA,444.98,439.06,5.92,0
2016-08-29,8,TIJUANA,463.14,455.78,7.36,0
2016-08-29,9,TIJUANA,700.64,689.86,10.78,0
2016-08-29,10,TIJUANA,778.85,765.62,13.24,0
2016-08-29,11,TIJUANA,855.27,839.78,15.49,0
2016-08-29,12,TIJUANA,880.26,864.11,16.15,0
2016-08-29,13,TIJUANA,855.91,839.94,15.98,0
2016-08-29,14,TIJUANA,855.86,839.75,16.11,0
2016-08-29,15,TIJUANA,855.68,839.72,15.97,0
2016-08-29,16,TIJUANA,884.14,864.11,20.03,0
2016-08-29,17,TIJUANA,859.07,839.9,19.17,0
2016-08-29,18,TIJUANA,858.34,839.89,18.44,0
2016-08-29,19,TIJUANA,858.18,839.85,18.34,0
2016-08-29,20,TIJUANA,858.45,839.92,18.53,0
2016-08-29,21,TIJUANA,858.73,839.91,18.82,0
2016-08-29,22,TIJUANA,833.54,815.68,17.86,0
2016-08-29,23,TIJUANA,857.56,839.88,17.68,0
2016-08-29,24,TIJUANA,805.76,790.09,15.68,0
2016-08-30,1,ENSENADA,816.54,775.04,41.5,0
2016-08-30,2,ENSENADA,495.01,470.95,24.06,0
2016-08-30,3,ENSENADA,816.35,775.2,41.15,0
2016-08-30,4,ENSENADA,715.35,679.91,35.43,0
2016-08-30,5,ENSENADA,475.4,451.75,23.65,0
2016-08-30,6,ENSENADA,473.56,448.93,24.63,0
2016-08-30,7,ENSENADA,473.24,448.96,24.28,0
2016-08-30,8,ENSENADA,485.5,460.35,25.15,0
2016-08-30,9,ENSENADA,739.06,698.88,40.18,0
2016-08-30,10,ENSENADA,797.27,750.85,46.42,0
2016-08-30,11,ENSENADA,878.59,825.46,53.13,0
2016-08-30,12,ENSENADA,905.89,851,54.89,0
2016-08-30,13,ENSENADA,902.12,850.8,51.32,0
2016-08-30,14,ENSENADA,902.26,850.77,51.49,0
2016-08-30,15,ENSENADA,902.31,850.67,51.64,0
2016-08-30,16,ENSENADA,928.52,875.6,52.93,0
2016-08-30,17,ENSENADA,902.01,850.78,51.24,0
2016-08-30,18,ENSENADA,927.79,875.59,52.2,0
2016-08-30,19,ENSENADA,901.4,850.93,50.46,0
2016-08-30,20,ENSENADA,901.99,850.84,51.15,0
2016-08-30,21,ENSENADA,903.28,850.96,52.32,0
2016-08-30,22,ENSENADA,902.08,850.94,51.15,0
2016-08-30,23,ENSENADA,900.74,850.88,49.86,0
2016-08-30,24,ENSENADA,845.24,800.66,44.58,0
2016-08-30,1,MEXICALI,804.36,775.04,29.32,0
2016-08-30,2,MEXICALI,484.59,470.95,13.64,0
2016-08-30,3,MEXICALI,792.02,775.2,16.82,0
2016-08-30,4,MEXICALI,689.8,679.91,9.89,0
2016-08-30,5,MEXICALI,455.95,451.75,4.2,0
2016-08-30,6,MEXICALI,451.39,448.93,2.46,0
2016-08-30,7,MEXICALI,448.88,448.96,-.08,0
2016-08-30,8,MEXICALI,463.83,460.35,3.48,0
2016-08-30,9,MEXICALI,709.5,698.88,10.63,0
2016-08-30,10,MEXICALI,770.21,750.85,19.36,0
2016-08-30,11,MEXICALI,856.53,825.46,31.08,0
2016-08-30,12,MEXICALI,885.27,851,34.27,0
2016-08-30,13,MEXICALI,889.57,850.8,38.77,0
2016-08-30,14,MEXICALI,889.79,850.77,39.02,0
2016-08-30,15,MEXICALI,893.09,850.67,42.43,0
2016-08-30,16,MEXICALI,921.86,875.6,46.26,0
2016-08-30,17,MEXICALI,898.97,850.78,48.19,0
2016-08-30,18,MEXICALI,931.44,875.59,55.85,0
2016-08-30,19,MEXICALI,903.05,850.93,52.11,0
2016-08-30,20,MEXICALI,901.16,850.84,50.32,0
2016-08-30,21,MEXICALI,898.15,850.96,47.19,0
2016-08-30,22,MEXICALI,900.45,850.94,49.51,0
2016-08-30,23,MEXICALI,900.52,850.88,49.64,0
2016-08-30,24,MEXICALI,840.42,800.66,39.77,0
2016-08-30,1,SANLUIS,812.13,775.04,37.1,0
2016-08-30,2,SANLUIS,489.1,470.95,18.16,0
2016-08-30,3,SANLUIS,798.85,775.2,23.65,0
2016-08-30,4,SANLUIS,695.38,679.91,15.47,0
2016-08-30,5,SANLUIS,459.39,451.75,7.65,0
2016-08-30,6,SANLUIS,454.46,448.93,5.53,0
2016-08-30,7,SANLUIS,451.27,448.96,2.32,0
2016-08-30,8,SANLUIS,466.44,460.35,6.09,0
2016-08-30,9,SANLUIS,714.11,698.88,15.23,0
2016-08-30,10,SANLUIS,776.06,750.85,25.21,0
2016-08-30,11,SANLUIS,863.74,825.46,38.29,0
2016-08-30,12,SANLUIS,893.51,851,42.51,0
2016-08-30,13,SANLUIS,898.57,850.8,47.76,0
2016-08-30,14,SANLUIS,899.83,850.77,49.06,0
2016-08-30,15,SANLUIS,903.38,850.67,52.72,0
2016-08-30,16,SANLUIS,932.91,875.6,57.31,0
2016-08-30,17,SANLUIS,909.51,850.78,58.73,0
2016-08-30,18,SANLUIS,941.91,875.59,66.32,0
2016-08-30,19,SANLUIS,912.87,850.93,61.93,0
2016-08-30,20,SANLUIS,910.12,850.84,59.28,0
2016-08-30,21,SANLUIS,907.68,850.96,56.72,0
2016-08-30,22,SANLUIS,910.14,850.94,59.2,0
2016-08-30,23,SANLUIS,909.96,850.88,59.08,0
2016-08-30,24,SANLUIS,848.84,800.66,48.19,0
2016-08-30,1,TIJUANA,788.32,775.04,13.28,0
2016-08-30,2,TIJUANA,478.39,470.95,7.44,0
2016-08-30,3,TIJUANA,786.58,775.2,11.37,0
2016-08-30,4,TIJUANA,689.42,679.91,9.5,0
2016-08-30,5,TIJUANA,457.9,451.75,6.16,0
2016-08-30,6,TIJUANA,455.05,448.93,6.12,0
2016-08-30,7,TIJUANA,455.32,448.96,6.36,0
2016-08-30,8,TIJUANA,467.94,460.35,7.59,0
2016-08-30,9,TIJUANA,709.79,698.88,10.91,0
2016-08-30,10,TIJUANA,763.62,750.85,12.77,0
2016-08-30,11,TIJUANA,840.56,825.46,15.1,0
2016-08-30,12,TIJUANA,867.02,851,16.02,0
2016-08-30,13,TIJUANA,866.73,850.8,15.93,0
2016-08-30,14,TIJUANA,866.68,850.77,15.91,0
2016-08-30,15,TIJUANA,866.46,850.67,15.79,0
2016-08-30,16,TIJUANA,895.28,875.6,19.69,0
2016-08-30,17,TIJUANA,869.95,850.78,19.17,0
2016-08-30,18,TIJUANA,894.86,875.59,19.27,0
2016-08-30,19,TIJUANA,869.12,850.93,18.18,0
2016-08-30,20,TIJUANA,869.1,850.84,18.26,0
2016-08-30,21,TIJUANA,869.62,850.96,18.66,0
2016-08-30,22,TIJUANA,869.36,850.94,18.43,0
2016-08-30,23,TIJUANA,868.57,850.88,17.69,0
2016-08-30,24,TIJUANA,816.12,800.66,15.46,0
2016-08-31,1,ENSENADA,801.65,763.57,38.08,0
2016-08-31,2,ENSENADA,802.02,763.92,38.11,0
2016-08-31,3,ENSENADA,531.3,506.35,24.95,0
2016-08-31,4,ENSENADA,800.95,763.66,37.28,0
2016-08-31,5,ENSENADA,780.42,743.95,36.47,0
2016-08-31,6,ENSENADA,758.99,723.67,35.33,0
2016-08-31,7,ENSENADA,760.07,723.75,36.32,0
2016-08-31,8,ENSENADA,697.86,664.39,33.47,0
2016-08-31,9,ENSENADA,846.12,803.56,42.56,0
2016-08-31,10,ENSENADA,875.1,829.23,45.87,0
2016-08-31,11,ENSENADA,932.57,881.76,50.81,0
2016-08-31,12,ENSENADA,934.68,881.73,52.95,0
2016-08-31,13,ENSENADA,936.08,881.67,54.41,0
2016-08-31,14,ENSENADA,963.11,907.42,55.69,0
2016-08-31,15,ENSENADA,935.85,881.75,54.1,0
2016-08-31,16,ENSENADA,935.25,881.55,53.7,0
2016-08-31,17,ENSENADA,934.44,881.5,52.94,0
2016-08-31,18,ENSENADA,961.58,907.41,54.16,0
2016-08-31,19,ENSENADA,932.82,881.68,51.14,0
2016-08-31,20,ENSENADA,933.54,881.59,51.95,0
2016-08-31,21,ENSENADA,934.36,881.52,52.84,0
2016-08-31,22,ENSENADA,905.57,855.49,50.08,0
2016-08-31,23,ENSENADA,929.58,881.75,47.83,0
2016-08-31,24,ENSENADA,927.23,881.37,45.86,0
2016-08-31,1,MEXICALI,799.51,763.57,35.94,0
2016-08-31,2,MEXICALI,791.99,763.92,28.07,0
2016-08-31,3,MEXICALI,521.15,506.35,14.79,0
2016-08-31,4,MEXICALI,780.45,763.66,16.79,0
2016-08-31,5,MEXICALI,755.93,743.95,11.98,0
2016-08-31,6,MEXICALI,731.89,723.67,8.22,0
2016-08-31,7,MEXICALI,729.24,723.75,5.49,0
2016-08-31,8,MEXICALI,673.27,664.39,8.88,0
2016-08-31,9,MEXICALI,821.32,803.56,17.76,0
2016-08-31,10,MEXICALI,857.15,829.23,27.92,0
2016-08-31,11,MEXICALI,917.67,881.76,35.91,0
2016-08-31,12,MEXICALI,917.46,881.73,35.73,0
2016-08-31,13,MEXICALI,923.55,881.67,41.88,0
2016-08-31,14,MEXICALI,955.06,907.42,47.64,0
2016-08-31,15,MEXICALI,926.29,881.75,44.54,0
2016-08-31,16,MEXICALI,932.37,881.55,50.83,0
2016-08-31,17,MEXICALI,931.94,881.5,50.45,0
2016-08-31,18,MEXICALI,963.71,907.41,56.3,0
2016-08-31,19,MEXICALI,935.75,881.68,54.07,0
2016-08-31,20,MEXICALI,935.37,881.59,53.78,0
2016-08-31,21,MEXICALI,931.79,881.52,50.26,0
2016-08-31,22,MEXICALI,903.68,855.49,48.19,0
2016-08-31,23,MEXICALI,938.64,881.75,56.9,0
2016-08-31,24,MEXICALI,933.98,881.36,52.61,0
2016-08-31,1,SANLUIS,806.97,763.57,43.4,0
2016-08-31,2,SANLUIS,798.84,763.92,34.92,0
2016-08-31,3,SANLUIS,525.3,506.35,18.94,0
2016-08-31,4,SANLUIS,786.28,763.66,22.62,0
2016-08-31,5,SANLUIS,761.16,743.95,17.21,0
2016-08-31,6,SANLUIS,736.58,723.67,12.91,0
2016-08-31,7,SANLUIS,732.82,723.75,9.07,0
2016-08-31,8,SANLUIS,676.86,664.39,12.47,0
2016-08-31,9,SANLUIS,826.67,803.56,23.11,0
2016-08-31,10,SANLUIS,863.57,829.23,34.34,0
2016-08-31,11,SANLUIS,925.5,881.76,43.75,0
2016-08-31,12,SANLUIS,925.73,881.73,44,0
2016-08-31,13,SANLUIS,932.12,881.67,50.45,0
2016-08-31,14,SANLUIS,964.03,907.42,56.6,0
2016-08-31,15,SANLUIS,935.63,881.75,53.88,0
2016-08-31,16,SANLUIS,941.84,881.55,60.3,0
2016-08-31,17,SANLUIS,941.09,881.5,59.59,0
2016-08-31,18,SANLUIS,972.37,907.41,64.96,0
2016-08-31,19,SANLUIS,943.66,881.68,61.98,0
2016-08-31,20,SANLUIS,942.9,881.59,61.31,0
2016-08-31,21,SANLUIS,939.61,881.52,58.09,0
2016-08-31,22,SANLUIS,911.29,855.49,55.8,0
2016-08-31,23,SANLUIS,946.22,881.75,64.47,0
2016-08-31,24,SANLUIS,941.28,881.37,59.91,0
2016-08-31,1,TIJUANA,777.56,763.57,13.99,0
2016-08-31,2,TIJUANA,776.8,763.92,12.88,0
2016-08-31,3,TIJUANA,514.34,506.35,7.99,0
2016-08-31,4,TIJUANA,775.05,763.66,11.38,0
2016-08-31,5,TIJUANA,754.69,743.95,10.74,0
2016-08-31,6,TIJUANA,734.05,723.67,10.38,0
2016-08-31,7,TIJUANA,734.4,723.75,10.65,0
2016-08-31,8,TIJUANA,675.8,664.39,11.41,0
2016-08-31,9,TIJUANA,816.54,803.56,12.98,0
2016-08-31,10,TIJUANA,843.69,829.23,14.46,0
2016-08-31,11,TIJUANA,898.1,881.76,16.35,0
2016-08-31,12,TIJUANA,898.35,881.73,16.62,0
2016-08-31,13,TIJUANA,898.41,881.67,16.74,0
2016-08-31,14,TIJUANA,924.85,907.42,17.43,0
2016-08-31,15,TIJUANA,898.59,881.75,16.85,0
2016-08-31,16,TIJUANA,902.04,881.55,20.5,0
2016-08-31,17,TIJUANA,901.68,881.5,20.18,0
2016-08-31,18,TIJUANA,927.55,907.41,20.14,0
2016-08-31,19,TIJUANA,900.75,881.68,19.07,0
2016-08-31,20,TIJUANA,900.54,881.59,18.95,0
2016-08-31,21,TIJUANA,900.67,881.52,19.15,0
2016-08-31,22,TIJUANA,873.97,855.49,18.47,0
2016-08-31,23,TIJUANA,900.55,881.75,18.81,0
2016-08-31,24,TIJUANA,898.93,881.37,17.57,0
